id,author,rating,text,vader_neg,vader_neu,vader_pos,vader_compound,vader_sentiment,vader_score,flair_score,flair_sentiment,flair_confidence,rubert_raw_label,rubert_score,rubert_sentiment,rubert_confidence,roberta_raw_label,roberta_score,roberta_sentiment,roberta_confidence,distilbert_raw_label,distilbert_score,distilbert_sentiment,distilbert_confidence,logistic_regression_score,logistic_regression_sentiment,logistic_regression_confidence,svm_score,svm_sentiment,svm_confidence,random_forest_score,random_forest_sentiment,random_forest_confidence,ensemble_score_raw,ensemble_score,ensemble_sentiment,actual_sentiment,is_correct_vader,is_correct_flair,is_correct_rubert,is_correct_roberta,is_correct_distilbert,is_correct_logistic_regression,is_correct_svm,is_correct_random_forest,is_correct_ensemble,translated_text
1,Игорь,4,Обязательства выполняют с опозданием.,0.0,0.517,0.483,0.4215,Positive,5,3,Neutral,0.4984647333621979,neutral,3,Neutral,0.8921475410461426,negative,1,Negative,0.6199986934661865,LABEL_1,5,Positive,0.5500300526618958,3,Neutral,0.5298840322374212,3,Neutral,0.0,3,Neutral,0.4753664537256753,3.25,3,Neutral,Positive,True,False,False,False,True,False,False,False,False,Obligations are fulfilled late.
2,Павел,1,"Оставить чаевые?! Вы это серьёзно!?

Удаляю это мобильное приложение!!! Прощайте.",0.214,0.786,0.0,-0.4075,Negative,1,1,Negative,0.45031169056892395,negative,1,Negative,0.7780805826187134,negative,1,Negative,0.9904547333717346,LABEL_1,5,Positive,0.54145348072052,1,Negative,0.4736369508190631,1,Negative,0.0,3,Neutral,0.4281020965268169,1.75,2,Negative,Negative,True,True,True,True,False,True,True,False,True,"Leave a tip?! Are you serious!?

I am deleting this mobile application!!! Farewell."
3,Николай,1,Под видом подарков впихивают банковские кредитки. В бупло себе их забейте!!!,0.251,0.631,0.117,-0.6093,Negative,1,3,Neutral,0.6043186187744141,neutral,3,Neutral,0.8188004493713379,negative,1,Negative,0.9917590022087097,LABEL_1,5,Positive,0.5445863604545593,3,Neutral,0.5298840322374212,3,Neutral,0.0,3,Neutral,0.47536645372567526,2.75,3,Neutral,Negative,True,False,False,True,False,False,False,False,False,Bank credit cards are being pushed in under the guise of gifts. Kill them for yourself!!!
4,Ксения,5,Удобный интерфейс. Доставки товаров вовремя и проблем возврата товара,0.197,0.803,0.0,-0.4019,Negative,1,1,Negative,0.4481590986251831,positive,5,Positive,0.774875819683075,positive,5,Positive,0.9996113181114197,LABEL_1,5,Positive,0.5474374294281006,5,Positive,0.8028782511192699,5,Positive,0.0,5,Positive,0.85,4.0,4,Positive,Positive,False,False,True,True,True,True,True,True,True,User-friendly interface. Delivery of goods on time and problems with returning goods
5,Игорь,1,Глючит и недает ничего заказать!,0.0,1.0,0.0,0.0,Neutral,3,1,Negative,0.5095874667167664,negative,1,Negative,0.7373931407928467,negative,1,Negative,0.9948798418045044,LABEL_1,5,Positive,0.5506529211997986,3,Neutral,0.355104749226195,5,Positive,0.0,5,Positive,0.4709793426241011,3.0,3,Neutral,Negative,False,True,True,True,False,False,False,False,False,It's buggy and doesn't let you order anything!
6,Vladimir,1,Че за приколы? Связаться с оператором через приложение стало невозможно. Отвечает бот и не дает задать вопрос,0.063,0.872,0.065,0.0106,Neutral,3,1,Negative,0.7309023141860962,neutral,3,Neutral,0.7242550253868103,negative,1,Negative,0.9989022016525269,LABEL_1,5,Positive,0.5514400005340576,1,Negative,0.7083884121428446,1,Negative,0.0,1,Negative,0.76,2.0,2,Negative,Negative,False,True,False,True,False,True,True,True,True,What kind of jokes? It became impossible to contact the operator through the application. The bot answers and does not allow you to ask a question
7,Виктор,3,"Нормальное  более менее было приложение, пока не стали везде выскакивать чуть ли не требования о чаевых, будьте добры уберите это безобразие или как то минимизируйте. И ещё приложение стало подвисать частенько.",0.092,0.807,0.101,-0.1779,Negative,3,1,Negative,0.5086721181869507,neutral,3,Neutral,0.7200100421905518,negative,1,Negative,0.9857423305511475,LABEL_1,5,Positive,0.5398136973381042,1,Negative,0.5055537054390751,1,Negative,0.0,3,Neutral,0.6,2.25,2,Negative,Neutral,False,False,True,False,False,False,False,True,False,"It was more or less a normal application, until almost demands for tips started popping up everywhere, please remove this disgrace or somehow minimize it. And the application began to freeze often."
8,Виталий,1,После таких обновлений не работает приложение,0.0,1.0,0.0,0.0,Neutral,3,1,Negative,0.537828803062439,neutral,3,Neutral,0.688379168510437,negative,1,Negative,0.9685074090957642,LABEL_1,5,Positive,0.5569300055503845,3,Neutral,0.4705122091633036,3,Neutral,0.0,3,Neutral,0.5549812940741006,2.75,3,Neutral,Negative,False,True,False,True,False,False,False,False,False,After such updates the application does not work
9,Стас,1,Больше 20-и дней посылка лежит в пункте отправки без движения. В чате операторы отвечают шаблонами хуже чат-бота. Всем плевать на проблемы пользователя. Никому не советую отправлять посылки через ozon!,0.226,0.713,0.061,-0.7959,Negative,1,1,Negative,0.5227161645889282,negative,1,Negative,0.9416553974151611,negative,1,Negative,0.9998106360435486,LABEL_1,5,Positive,0.558175802230835,1,Negative,0.7108255577876215,1,Negative,0.0,1,Negative,0.539675383862533,1.5,2,Negative,Negative,True,True,True,True,False,True,True,True,True,"For more than 20 days, the parcel lies at the point of departure without moving. In chat, operators respond with templates worse than a chatbot. No one cares about the user's problems. I do not advise anyone to send parcels through ozon!"
10,Дарья,2,"Очень неудобно, когда заказал несколько товаров, а потом на главной нужно на все товары сумму считать отдельно. Сделайте так, чтобы сумма ВСЕХ заказных товаром отображалась. Неудобно, что нет доставки товара, после прибытия в пункт выдачи. 
Подписка продливается сама, даже маячка никакого нет. Иногда даже если ее нет, лол. 
Розыгрыш - полный лохотрон. Этот заяц уже раздражает.
И про чаевые, ребят, вы совсем там что-ли? Повысьте зарплаты не за счет потребителя! И уберите везде эти надписи!",0.149,0.83,0.02,-0.9274,Negative,1,1,Negative,0.6676475405693054,negative,1,Negative,0.9416431188583374,negative,1,Negative,0.9601668119430542,LABEL_1,5,Positive,0.5471898317337036,3,Neutral,0.8244177250300677,3,Neutral,0.0,1,Negative,0.5065623876472481,2.0,2,Negative,Negative,True,True,True,True,False,False,False,True,True,"It’s very inconvenient when you order several products, and then on the main page you need to calculate the amount for all products separately. Make sure that the total of ALL ordered items is displayed. It is inconvenient that there is no delivery of goods after arriving at the point of delivery. 
The subscription renews itself, there is not even a beacon. Sometimes even if she's not there, lol. 
The prank is a complete scam. This hare is already annoying.
And about tips, guys, are you there at all? Raise wages not at the expense of the consumer! And remove these signs everywhere!"
11,Виталий,2,"Исправьте уже страницу с заказами 
Непонятно на какую сумму заказы 
Интерфейс не удобный",0.1,0.9,0.0,-0.25,Negative,3,1,Negative,0.6472311615943909,negative,1,Negative,0.6347460150718689,negative,1,Negative,0.7385605573654175,LABEL_1,5,Positive,0.5579553842544556,3,Neutral,0.5073278702261099,1,Negative,0.0,5,Positive,0.75,2.5,2,Negative,Negative,True,True,True,True,False,False,True,False,True,"Fix the order page already 
It is unclear how much the orders are for 
The interface is not convenient"
12,Дарья,1,"Нет никакой связи. Только дебильный чат бот, который не может решить реальную проблему. Эти их ""френли"" фразы ""оцените как мы решили проблему"" и ты пишешь, что никак вы  не решили, по итогу дальше этой оценки ничего не происходит. Просто  дежурная фраза 
Как вы можете работать так, что связаться с оператором невозможно ни в чате ни по горячей линии. Ужасно",0.136,0.782,0.083,-0.629,Negative,1,3,Neutral,0.4753533899784088,negative,1,Negative,0.9090719819068909,negative,1,Negative,0.9995344877243042,LABEL_1,5,Positive,0.5525563955307007,1,Negative,0.93407474871173,1,Negative,0.0,1,Negative,0.81,1.75,2,Negative,Negative,True,False,True,True,False,True,True,True,True,"There is no connection. Just a moronic chat bot that can't solve a real problem. These are their “friendly” phrases “evaluate how we solved the problem” and you write that you have not solved it at all, as a result, nothing happens beyond this evaluation. Just a stock phrase 
How can you work in such a way that it is impossible to contact the operator either in chat or on the hotline. Terrible"
13,Анатолий,2,Верните статусы заказов на главной.,0.0,1.0,0.0,0.0,Neutral,3,3,Neutral,0.5697305798530579,neutral,3,Neutral,0.8355368375778198,negative,1,Negative,0.9025757908821106,LABEL_1,5,Positive,0.5489429235458374,3,Neutral,0.5298840322374212,3,Neutral,0.0,3,Neutral,0.4753664537256752,3.0,3,Neutral,Negative,False,False,False,True,False,False,False,False,False,Return order statuses to the main page.
14,Геннадий,1,"ОЗОН скатился до уровня рынка в 90-х. Поддержки ноль. Все что получится увидеть, это непрерывные шаблоны от робота. В случае поломки или брака, вы не сможете сделать ничего, даже если продавец отвечает и готов принять возврат.",0.05,0.788,0.162,0.6597,Positive,5,1,Negative,0.46908146142959595,negative,1,Negative,0.9077562093734741,negative,1,Negative,0.9990679621696472,LABEL_1,5,Positive,0.5324612855911255,1,Negative,0.855201496407429,1,Negative,0.0,1,Negative,0.7,2.0,2,Negative,Negative,False,True,True,True,False,True,True,True,True,"OZONE dropped to market level in the 90s. Zero support. All you can see are continuous patterns from the robot. In the event of a breakdown or defect, you cannot do anything, even if the seller responds and is ready to accept a return."
15,Дарья,5,Отличный,0.0,0.0,1.0,0.6249,Positive,5,5,Positive,0.7460877299308777,positive,5,Positive,0.9960002303123474,positive,5,Positive,0.6737855076789856,LABEL_1,5,Positive,0.5642735362052917,5,Positive,0.9986494349508016,5,Positive,0.0,5,Positive,1.0,5.0,5,Positive,Positive,True,True,True,True,True,True,True,True,True,Great
16,Top,1,"Отвратительно. Реклама, реклама, реклама. Раздел с покупками сделали очень маленьким и неудобным, зато назойливая реклама, которую нельзя заблокировать буквально везде.
И уберите уже этот лохотрон с кроликом!!!! УБЕРИТЕ!!! Вам это уже буквально каждый второй пишет!",0.291,0.709,0.0,-0.9473,Negative,1,1,Negative,0.5742042064666748,negative,1,Negative,0.9757606983184814,negative,1,Negative,0.9987345337867737,LABEL_1,5,Positive,0.539053738117218,3,Neutral,0.7880761563448971,3,Neutral,0.0,3,Neutral,0.62,2.25,2,Negative,Negative,True,True,True,True,False,False,False,False,True,"Disgusting. Advertising, advertising, advertising. The shopping section was made very small and inconvenient, but there were annoying ads that couldn’t be blocked literally everywhere.
And get rid of this rabbit scam already!!!! GET IT AWAY!!! Literally every second person is already writing this to you!"
17,Александр,1,Приложение может и ни чего но их розыгрыши это лохотрон полный,0.336,0.664,0.0,-0.7227,Negative,1,3,Neutral,0.4587811231613159,negative,1,Negative,0.8347824811935425,negative,1,Negative,0.9863829612731934,LABEL_1,5,Positive,0.5369948148727417,1,Negative,0.5398327496259584,1,Negative,0.0,1,Negative,0.4821622649286708,1.75,2,Negative,Negative,True,False,True,True,False,True,True,True,True,"The app may be nothing, but their pranks are a complete scam"
18,Павел,5,Нормальная доставка,0.0,1.0,0.0,0.0,Neutral,3,3,Neutral,0.39723116159439087,positive,5,Positive,0.9590287208557129,positive,5,Positive,0.7597594261169434,LABEL_1,5,Positive,0.5406220555305481,5,Positive,0.5537559710582041,5,Positive,0.0,3,Neutral,0.49339697737950494,4.25,4,Positive,Positive,False,False,True,True,True,True,True,False,True,Normal delivery
19,Oleg,3,"Добавьте в сортировку отзывов еще пункт - Новые. Сейчас стоит по-умолчанию -  Новые и полезные, посмотреть новые отзывы нельзя. В итоге, сначала идут прошлогодние с высокой оценкой и где-то в конце новые. Это вводит в заблуждение новых покупателей, т. к. Они видят старые отзывы не имеющие ничего общего с текущей оценкой товара.",0.0,0.954,0.046,0.4404,Positive,5,1,Negative,0.4737299978733063,neutral,3,Neutral,0.849050760269165,negative,1,Negative,0.9205356240272522,LABEL_1,5,Positive,0.5492814183235168,3,Neutral,0.43281314545917926,1,Negative,0.0,3,Neutral,0.82,2.75,3,Neutral,Neutral,False,False,True,False,False,True,False,True,True,"Add another item to the review sorting - New. Now the default setting is New and useful, you cannot view new reviews. As a result, last year’s ones with a high rating come first, and somewhere at the end there are new ones. This misleads new buyers because they see old reviews that have nothing to do with the current rating of the product."
20,Ксения,5,"Всё просто шикарно, где я пыталась найти норм одежду и тд нечего не находилось в других скачала озон у меня нашлось всё что я хотела, только скачала озон у меня уже в корзине 20 товаров которые мне нравятся, люблю озон🩷",0.0,0.749,0.251,0.8934,Positive,5,1,Negative,0.4469948709011078,positive,5,Positive,0.9858220219612122,positive,5,Positive,0.9987375140190125,LABEL_1,5,Positive,0.5137929320335388,5,Positive,0.4547752918832967,5,Positive,0.0,1,Negative,0.43449998441336307,4.0,4,Positive,Positive,True,False,True,True,True,True,True,False,True,"Everything is just gorgeous, where I tried to find normal clothes, etc. there was nothing in others I downloaded ozone I found everything I wanted, I just downloaded ozone I already have 20 products in my cart that I like, I love ozone🩷"
21,Valera,1,"При обновлении Ozon  приложение перестало загружаться. Пишет нет соединения, проверьте соединение с сетью и обновите страницу. Хотя все приложения работают отлично, а интернет летает можно фильмы в 4к смотреть без проблем.",0.096,0.752,0.152,0.52,Positive,5,5,Positive,0.45791730284690857,neutral,3,Neutral,0.7514222860336304,positive,5,Positive,0.770654559135437,LABEL_1,5,Positive,0.5561058521270752,3,Neutral,0.6286013758595425,3,Neutral,0.0,5,Positive,0.7949762137978861,4.25,4,Positive,Negative,False,False,False,False,False,False,False,False,False,"When updating Ozon, the application stopped loading. It says no connection, check your network connection and refresh the page. Although all applications work perfectly, and the Internet flies, you can watch movies in 4K without problems."
22,Саша,2,Полный лохотрон с этими морковками!,0.499,0.501,0.0,-0.6114,Negative,1,3,Neutral,0.43607765436172485,negative,1,Negative,0.9190207123756409,negative,1,Negative,0.9925289154052734,LABEL_1,5,Positive,0.5355810523033142,1,Negative,0.7115906198397354,1,Negative,0.0,1,Negative,0.6434210773486077,1.75,2,Negative,Negative,True,False,True,True,False,True,True,True,True,Total scam with these carrots!
23,Максим,1,"А можно не предлагать оставлять чаевые сотруднику? Я уже понял, что это можно, но нахрен постоянно об этом напоминать?",0.16,0.84,0.0,-0.5514,Negative,1,3,Neutral,0.5483072400093079,negative,1,Negative,0.5388709306716919,negative,1,Negative,0.9306756854057312,LABEL_1,5,Positive,0.5396379828453064,1,Negative,0.5364898078420722,3,Neutral,0.0,3,Neutral,0.57,2.25,2,Negative,Negative,True,False,True,True,False,True,False,False,True,"Is it possible not to offer to leave a tip for an employee? I already realized that this is possible, but why bother constantly reminding me of this?"
24,Александр,5,Очень хорошо 👍,0.0,0.238,0.762,0.4927,Positive,5,5,Positive,0.5252360701560974,positive,5,Positive,0.9921518564224243,positive,5,Positive,0.8371665477752686,LABEL_1,5,Positive,0.5409609079360962,3,Neutral,0.6896656062400399,3,Neutral,0.0,3,Neutral,0.5464574092258726,4.25,4,Positive,Positive,True,True,True,True,True,False,False,False,True,Very good 👍
25,Александр,1,"После обновления 18.45.0 начались глюки , постоянно пишет проверить соединение , а сейчас вообще неоткрывается , только из рустор. Работаю по вайфаю , на другом телефоне не обновлял , работает четко.",0.0,0.937,0.062,0.296,Positive,3,1,Negative,0.5592089295387268,neutral,3,Neutral,0.7968192100524902,negative,1,Negative,0.8890441656112671,LABEL_1,5,Positive,0.5490061044692993,1,Negative,0.4882014826279851,3,Neutral,0.0,1,Negative,0.7222382206530904,2.25,2,Negative,Negative,False,True,False,True,False,True,False,True,True,"After the 18.45.0 update, glitches began, it constantly says check the connection, but now it won’t open at all, only from rustor. I work via Wi-Fi, I haven’t updated it on another phone, it works fine."
26,Дмитрий,1,После последнего обновления не работает,0.0,1.0,0.0,0.0,Neutral,3,1,Negative,0.5316538214683533,neutral,3,Neutral,0.5026090145111084,negative,1,Negative,0.9658976793289185,LABEL_1,5,Positive,0.5605284571647644,3,Neutral,0.5298840322374212,3,Neutral,0.0,3,Neutral,0.47536645372567526,2.75,3,Neutral,Negative,False,True,False,True,False,False,False,False,False,Doesn't work after last update
27,Есения,5,"Единственный хороший маркетплейс в России. Лучше, чем его фиолетовый конкурент.",0.0,0.608,0.392,0.7003,Positive,5,5,Positive,0.8463019132614136,positive,5,Positive,0.7883670926094055,positive,5,Positive,0.999160647392273,LABEL_1,5,Positive,0.5426238775253296,5,Positive,0.7536282997562621,5,Positive,0.0,5,Positive,0.83,5.0,5,Positive,Positive,True,True,True,True,True,True,True,True,True,The only good marketplace in Russia. Better than its purple competitor.
28,Vasya,5,"Отличный маркет плейс. Давно пользуюсь, но отзыв решил оставить сейчас. Часто заказываю товары с озон глобал. Что сайт, что приложение в 100 раз лучше WB. Такое ощущение что вб взлетел только от котоламповых историй ""домохозяйки"" основательницы.
И еще заметил, что практически перестал даже заходит на Алиэкспресс ибо тот в помойку превратился: поиск не работает нормально, а цены выше чем в озон. Надеюсь озон после всей этой рекламы не пойдет по пути авито.",0.063,0.842,0.095,0.664,Positive,5,3,Neutral,0.4346693754196167,neutral,3,Neutral,0.3699429929256439,positive,5,Positive,0.9010649919509888,LABEL_1,5,Positive,0.544693112373352,5,Positive,0.4558459483271187,5,Positive,0.0,5,Positive,0.61,4.5,4,Positive,Positive,True,False,False,True,True,True,True,True,True,"Excellent market place. I've been using it for a long time, but I decided to leave a review now. I often order products from Ozone Global. Both the site and the application are 100 times better than WB. It seems that VB took off only from the cat-lamp stories of the “housewife” of the founder.
And I also noticed that I almost stopped even going to Aliexpress because it has turned into a garbage dump: the search does not work normally, and the prices are higher than in ozone. I hope ozone, after all this advertising, will not go the way of Avito."
29,Герман,4,Дикий размер изображения на планшете. Тяжело просматривать фото.,0.135,0.865,0.0,-0.1027,Neutral,3,3,Neutral,0.5096870064735413,neutral,3,Neutral,0.8128102421760559,negative,1,Negative,0.9649782180786133,LABEL_1,5,Positive,0.556090772151947,1,Negative,0.6185255409260888,1,Negative,0.0,3,Neutral,0.68,2.5,2,Negative,Positive,False,False,False,False,True,False,False,False,False,Wild image size on a tablet. It's hard to view photos.
30,Сергей,3,Уберите этого бешеного кролика вместе с морквой! От этой афёры только вы наживаетесь!,0.311,0.581,0.108,-0.7081,Negative,1,1,Negative,0.5561711192131042,negative,1,Negative,0.9229291081428528,negative,1,Negative,0.9895102977752686,LABEL_1,5,Positive,0.5357697606086731,3,Neutral,0.6715412634215849,3,Neutral,0.0,5,Positive,0.5700353576716869,2.5,2,Negative,Neutral,False,False,False,False,False,True,True,False,False,Take away that mad bunny and the carrots! You are the only one profiting from this scam!
31,Юрий,1,"Меня разочаровало , то что я не могу найти на карте нужный пункт выдачи . Выдает, только почту России, которая у нас уже полгода , как не работает. Хотя этих пунктов в Якшур-Бодье Удмуртской Республики, как огурцов в банке. А пыли, можно было не добавлять, видимо мешает",0.092,0.865,0.043,-0.4215,Negative,1,1,Negative,0.5960118174552917,neutral,3,Neutral,0.5454360842704773,negative,1,Negative,0.9496718049049377,LABEL_1,5,Positive,0.5265364050865173,3,Neutral,0.6341581180352348,3,Neutral,0.0,3,Neutral,0.7488333702356477,2.5,2,Negative,Negative,True,True,False,True,False,False,False,False,True,"I was disappointed that I couldn't find the required pick-up point on the map. It issues only Russian mail, which has not been working for us for six months now. Although these points in Yakshur-Bodye of the Udmurt Republic are like cucumbers in a jar. And there was no need to add dust, apparently it interferes"
32,Сергей,1,"Отвратительное отношение в чате техподдержки, не возможно задать вопрос,постоянно задержки, метки Оригинал, не соответствуют, Китай, Китаем погоняет, озон молчит",0.105,0.741,0.154,0.1531,Positive,3,1,Negative,0.9024063348770142,negative,1,Negative,0.9277768731117249,negative,1,Negative,0.9993500113487244,LABEL_1,5,Positive,0.5423417687416077,3,Neutral,0.6464484681084354,3,Neutral,0.0,1,Negative,0.48938567853406995,2.25,2,Negative,Negative,False,True,True,True,False,False,False,True,True,"Disgusting attitude in the technical support chat, it is impossible to ask a question, constant delays, tags Original, do not correspond, China, China is pushing, ozone is silent"
33,Sherali,5,Отлично,0.0,0.0,1.0,0.6249,Positive,5,5,Positive,0.7237811088562012,positive,5,Positive,0.9960483908653259,positive,5,Positive,0.6737855076789856,LABEL_1,5,Positive,0.5638182759284973,5,Positive,0.9663065948741832,5,Positive,0.0,5,Positive,0.859262375250281,5.0,5,Positive,Positive,True,True,True,True,True,True,True,True,True,Great
34,Алексей,3,"Навязчивая просьба оставить чаевые уже надоела! После каждого заказа! На странице оформления заказа! В завершенных заказах! Хватит глаза мозолить этим попрошайничеством! Сами и оставляйте чаевые из своего кошелька, люди и так на зп сидят.",0.208,0.792,0.0,-0.7696,Negative,1,1,Negative,0.6566037535667419,negative,1,Negative,0.9704737067222595,negative,1,Negative,0.9799100160598755,LABEL_1,5,Positive,0.5343797206878662,1,Negative,0.5419293764798642,1,Negative,0.0,3,Neutral,0.7736937917702262,1.75,2,Negative,Neutral,False,False,False,False,False,False,False,True,False,"The intrusive request to leave a tip is already tired! After every order! On the checkout page! In completed orders! Stop being an eyesore with this begging! Leave a tip yourself from your wallet, people are already on a salary."
35,Артём,2,"Куча рекламы. Стараюсь не пользоваться приложением, кроме как для получения в пвз.",0.0,1.0,0.0,0.0,Neutral,3,3,Neutral,0.512599766254425,neutral,3,Neutral,0.772351861000061,negative,1,Negative,0.9932047128677368,LABEL_1,5,Positive,0.5569092631340027,1,Negative,0.4428206576732399,1,Negative,0.0,3,Neutral,0.48,2.5,2,Negative,Negative,False,False,False,True,False,True,True,False,True,"Lots of advertising. I try not to use the application, except for receiving in pvz."
36,Александр,3,"Приложение не плохое, но в последнее время доставка постоянно переносится если пишите завтра, я рассчитываю на завтра а не на послезавтра. Или не пишите завтра",0.068,0.872,0.06,-0.0708,Neutral,3,1,Negative,0.6072198748588562,neutral,3,Neutral,0.5631657838821411,negative,1,Negative,0.8968736529350281,LABEL_1,5,Positive,0.5463493466377258,3,Neutral,0.5765265158457126,3,Neutral,0.0,3,Neutral,0.5197110039561693,2.75,3,Neutral,Neutral,True,False,True,False,False,True,True,True,True,"The application is not bad, but lately delivery has been constantly postponed. If you write tomorrow, I am counting on tomorrow and not the day after tomorrow. Or don't write tomorrow"
37,Надежда,1,"Очень мало рекламы, надо больше. Цвета оформления подобрать ещё более мерзкие. И очень мало различных плашек и рамочек. Да, и неплохо было бы окончательно избавиться от понятного интерфейса",0.079,0.748,0.173,0.5279,Positive,5,3,Neutral,0.4882131814956665,neutral,3,Neutral,0.743868887424469,negative,1,Negative,0.9185695052146912,LABEL_1,5,Positive,0.5475496649742126,3,Neutral,0.6061822106922257,3,Neutral,0.0,3,Neutral,0.68,3.25,3,Neutral,Negative,False,False,False,True,False,False,False,False,False,"There is very little advertising, more is needed. Choose even more disgusting colors for the design. And there are very few different dies and frames. Yes, and it would be nice to finally get rid of the clear interface"
38,Зафарбек,3,"Сталю 3звезды, потому что на качества товаров не стали обращать внимания, лимит на карте мешает пользоваться услугами, даже создаëт трудности.",0.105,0.727,0.169,0.296,Positive,3,1,Negative,0.4607604146003723,neutral,3,Neutral,0.8302668929100037,neutral,3,Neutral,0.5151599049568176,LABEL_1,5,Positive,0.5394815802574158,3,Neutral,0.4990417440884056,5,Positive,0.0,3,Neutral,0.5523681966436453,3.25,3,Neutral,Neutral,False,False,True,True,False,True,False,True,True,"I’m giving it 3 stars because they didn’t pay attention to the quality of the goods, the limit on the card prevents you from using the services, and even creates difficulties."
39,Сергей,2,"Убрали положительные,отрицательные отзывы,всё посмешали,включая вопросы.
В ответах на вопросы неищвестно к какому из товаров относится вопрос,ссылки на товар в ответе нет.
Много ненужной рекламы вылазиет в приложении.
Надоели мили ненужные абсолютно.
У многих товаров переносятся сроки доставки.",0.164,0.781,0.055,-0.7269,Negative,1,1,Negative,0.4605483412742615,negative,1,Negative,0.7126559615135193,negative,1,Negative,0.9932501316070557,LABEL_1,5,Positive,0.5305041670799255,1,Negative,0.9115330657137665,1,Negative,0.0,1,Negative,0.585112257977579,1.5,2,Negative,Negative,True,True,True,True,False,True,True,True,True,"They removed positive and negative reviews, mixed everything, including questions.
In the answers to the questions, it is unknown which product the question relates to; there is no link to the product in the answer.
There are a lot of unnecessary advertisements in the application.
I'm tired of absolutely unnecessary miles.
Many products have delayed delivery dates."
40,Он,1,"НЕТ ПОДДЕРЖКИ ВООБЩЕ. Операторв в чате НЕТ и их невозможно позвать!
Соответственно проблему не решить НИКАК!",0.301,0.604,0.094,-0.7601,Negative,1,1,Negative,0.6110164523124695,negative,1,Negative,0.8709288239479065,negative,1,Negative,0.9980213642120361,LABEL_1,5,Positive,0.5396391153335571,1,Negative,0.8535817844886332,1,Negative,0.0,1,Negative,0.7923653491434746,1.5,2,Negative,Negative,True,True,True,True,False,True,True,True,True,"NO SUPPORT AT ALL. There are NO operators in the chat and it is impossible to call them!
Accordingly, the problem cannot be solved in ANY WAY!"
41,Игорь,1,"Озон превратился в помойку, заказы идут неделями, по несколько раз переносятся сроки, пункты выдачи работают через один, постоянно закрываются, режима работы нет, выдают заказы когда соизволится, тех поддержки нет от слова совсем",0.177,0.723,0.1,-0.4215,Negative,1,1,Negative,0.47152504324913025,negative,1,Negative,0.9339209794998169,negative,1,Negative,0.9995588660240173,LABEL_1,5,Positive,0.5126956701278687,3,Neutral,0.43756439607391473,3,Neutral,0.0,3,Neutral,0.7747594665760371,2.25,2,Negative,Negative,True,True,True,True,False,False,False,False,True,"Ozone has turned into a garbage dump, orders take weeks, deadlines are postponed several times, delivery points work every other time, they are constantly closed, there are no operating hours, they issue orders when they please, there is no technical support at all"
42,Ксеня,2,Перестало работать приложение,0.322,0.678,0.0,-0.2263,Negative,3,1,Negative,0.5686585307121277,neutral,3,Neutral,0.8926195502281189,negative,1,Negative,0.9567239284515381,LABEL_1,5,Positive,0.553162693977356,3,Neutral,0.42423736355020863,3,Neutral,0.0,1,Negative,0.5655343473682084,2.5,2,Negative,Negative,True,True,False,True,False,False,False,True,True,The application has stopped working
43,Анна,4,Отбеливатель Елизар,0.0,1.0,0.0,0.0,Neutral,3,3,Neutral,0.4071704149246216,neutral,3,Neutral,0.6571574807167053,neutral,3,Neutral,0.8339711427688599,LABEL_1,5,Positive,0.5434033870697021,3,Neutral,0.5298840322374212,3,Neutral,0.0,3,Neutral,0.4753664537256753,3.25,3,Neutral,Positive,False,False,False,False,True,False,False,False,False,Bleach Elizar
44,Павел,2,"Одна из самых крутых фичей - подборки превратилась в какую-то кашу. Огромные карточки с картинками и нечитаемое название самой подборки, пользоваться разделом стало проблематично. Жаль что развитие весьма удобного функционала рано или поздно попадает в руки дизайнерам, и весь технологический прогресс перечеркивается в угоду бесполезному, но зато «очень красивому» решению. Было бы неплохо оставить в таком случае выбор, каким представлением пользоваться, списки и карточки.",0.092,0.779,0.129,0.6601,Positive,5,1,Negative,0.4171771705150604,neutral,3,Neutral,0.660627007484436,negative,1,Negative,0.6422213315963745,LABEL_1,5,Positive,0.5478167533874512,3,Neutral,0.7770309552127642,3,Neutral,0.0,3,Neutral,0.6,3.0,3,Neutral,Negative,False,True,False,True,False,False,False,False,False,"One of the coolest features - the selections have turned into some kind of mess. Huge cards with pictures and the unreadable name of the collection itself made using the section problematic. It’s a pity that the development of very convenient functionality sooner or later falls into the hands of designers, and all technological progress is crossed out in favor of a useless, but “very beautiful” solution. It would be nice in this case to leave the choice of which view to use, lists and cards."
45,Dimitry,1,"Отвратительные баннеры! Прекращаю пользоваться этим приложением. Чтоб у вам  скорую через 100500 баннеров надо было вызывать! 
Я ж блин не бесплатные видео посмотреть зашёл! Вы там совсем стукнулись в маркетинге своём?!",0.291,0.631,0.077,-0.8466,Negative,1,1,Negative,0.9036148190498352,negative,1,Negative,0.9326449632644653,negative,1,Negative,0.996692419052124,LABEL_1,5,Positive,0.5439749956130981,3,Neutral,0.6363138871159575,3,Neutral,0.0,3,Neutral,0.49895859205824566,2.25,2,Negative,Negative,True,True,True,True,False,False,False,False,True,"Disgusting banners! I'm stopping using this app. So that you have to call an ambulance after 100,500 banners! 
Damn, I didn’t come to watch free videos! Have you completely failed in your marketing?!"
46,Наталия,1,"Почему после обновления озон, не могу открыть приложение",0.0,1.0,0.0,0.0,Neutral,3,3,Neutral,0.4664091467857361,neutral,3,Neutral,0.7015089392662048,negative,1,Negative,0.7779088616371155,LABEL_1,5,Positive,0.5537511110305786,1,Negative,0.5133441203909268,1,Negative,0.0,3,Neutral,0.5703059724336832,2.5,2,Negative,Negative,False,False,False,True,False,True,True,False,True,"Why after updating ozone, I can’t open the application"
47,Юрий,1,"Когда предложили дать чаевые было не объявлено столь же явно и убедительно, что дальнейшие заказы тоже будут снимать чаевые автоматически. Кроме того нет  предупреждения, что они снимутся, если их не отменить в последующих заказах. 
Целенаправленное заведение в заблуждение",0.195,0.753,0.052,-0.7398,Negative,1,1,Negative,0.49025899171829224,negative,1,Negative,0.6841839551925659,negative,1,Negative,0.9941072463989258,LABEL_1,5,Positive,0.5257477760314941,1,Negative,0.6707043326032428,1,Negative,0.0,1,Negative,0.638698988068038,1.5,2,Negative,Negative,True,True,True,True,False,True,True,True,True,"When they offered to tip, it was not announced as clearly and convincingly that further orders would also automatically remove the tip. In addition, there is no warning that they will be removed if they are not canceled in subsequent orders. 
Purposeful misrepresentation"
48,Хамаль,2,"Не знаю как в России, но в Беларуси очень часто переносят дату доставки. Заказываю товар, вижу дату доставки , рассчитываю получить товар в эту дату, а тут на тебе облом. Если проблема не будет решена, придется отказаться от озона. Всё остальное устраивает.",0.246,0.719,0.035,-0.9212,Negative,1,1,Negative,0.5448973178863525,neutral,3,Neutral,0.6735413074493408,negative,1,Negative,0.9713885188102722,LABEL_1,5,Positive,0.5474951267242432,1,Negative,0.47825786395725395,1,Negative,0.0,1,Negative,0.5450315063658203,1.75,2,Negative,Negative,True,True,False,True,False,True,True,True,True,"I don’t know how it is in Russia, but in Belarus the delivery date is often postponed. I order a product, see the delivery date, expect to receive the product on this date, and then you get a bummer. If the problem is not solved, ozone will have to be abandoned. Everything else is fine."
49,Денис,2,"Отвалы сети,не грузит картинки при хорошем инете.чаевые вообще огонь!",0.258,0.597,0.144,-0.3164,Negative,3,3,Neutral,0.43941545486450195,neutral,3,Neutral,0.6275466680526733,negative,1,Negative,0.9721278548240662,LABEL_1,5,Positive,0.5406380295753479,3,Neutral,0.4252801856266681,5,Positive,0.0,1,Negative,0.6499195902243562,3.0,3,Neutral,Negative,True,False,False,True,False,False,False,True,False,"The network sucks, it doesn’t load pictures even with a good internet connection. Tips are fire!"
50,Денис,4,"Агрессивное навязывание чаевых, которые работники пвз даже не увидят 😂 Да и за что? Перекладывание товара со склада на выдачу? Не позортесь!",0.066,0.829,0.105,0.2359,Positive,3,1,Negative,0.5341324210166931,negative,1,Negative,0.8760913610458374,negative,1,Negative,0.997850775718689,LABEL_1,5,Positive,0.541130781173706,3,Neutral,0.5298840322374212,3,Neutral,0.0,3,Neutral,0.47536645372567526,2.5,2,Negative,Positive,True,False,False,False,True,False,False,False,False,Aggressive imposition of tips that the PV workers won’t even see 😂 And why? Transferring goods from warehouse to delivery? Don't embarrass yourself!
51,Алексей,1,"Постоянно лезет с обновлением,от которого нельзя отказаться.",0.216,0.784,0.0,-0.296,Negative,3,1,Negative,0.4718817174434662,neutral,3,Neutral,0.8562137484550476,negative,1,Negative,0.9926241636276245,LABEL_1,5,Positive,0.552680253982544,1,Negative,0.8110684377483062,1,Negative,0.0,3,Neutral,0.7299674912903192,2.25,2,Negative,Negative,True,True,False,True,False,True,True,False,True,Constantly comes up with updates that you can’t refuse.
52,Владимир,4,Очень не нравится назойливое  выклянчивание чаевых. Я рожден и воспитан в СССР. НЕ НАДО НАВЯЗЫВАТЬ ЧУЖЕРОДНЫЙ МЕНТАЛИТЕТ!,0.103,0.687,0.21,0.4216,Positive,5,1,Negative,0.5261523723602295,negative,1,Negative,0.9550997614860535,negative,1,Negative,0.9965247511863708,LABEL_1,5,Positive,0.5347172617912292,3,Neutral,0.5239899560734775,3,Neutral,0.0,3,Neutral,0.88,2.75,3,Neutral,Positive,True,False,False,False,True,False,False,False,False,I really don’t like the annoying begging for tips. I was born and raised in the USSR. DO NOT IMPOSE AN ALIEN MENTALITY!
53,Абвгдеёж,2,"Как же надоело. Что-нибудь закажешь обязательно придёт что нибудь не то. Или поменяют, подменят или вообще пустая коробка придёт. Особенно это с вещами так. 
Лучше вообще тогда не отправлять чем отправлять такое.  На картинках всё красивое. Хоть бы банки своего добились и закрыть этот бардак. Если я что-нибудь не так на работе сделаю так с меня не слезут. А тут можно в коробку с обувью свои старые положить и спокойно жить дальше. 
Бардак.",0.137,0.707,0.156,0.5136,Positive,5,1,Negative,0.5452984571456909,negative,1,Negative,0.5236282348632812,negative,1,Negative,0.99687260389328,LABEL_1,5,Positive,0.5289716124534607,1,Negative,0.6755126949267916,1,Negative,0.0,1,Negative,0.51,2.0,2,Negative,Negative,False,True,True,True,False,True,True,True,True,"How tired I am. If you order something, something wrong will definitely arrive. Either they will change it, replace it, or an empty box will arrive. This is especially true with things. 
It’s better not to send it at all than to send something like this.  Everything in the pictures is beautiful. At least the banks would get their way and close this mess. If I do something wrong at work, they won’t get rid of me. And here you can put your old ones in a box with shoes and move on with your life in peace. 
Mess."
54,Алексей,2,"Отсутствие нормальных фильтров в поиске по большинству товаров. 
Нормальное описание тех же товаров в большинстве случаев отсутствует",0.2,0.8,0.0,-0.5423,Negative,1,3,Neutral,0.45348140597343445,neutral,3,Neutral,0.5423077344894409,negative,1,Negative,0.9264336824417114,LABEL_1,5,Positive,0.55180823802948,1,Negative,0.4563085263671431,3,Neutral,0.0,3,Neutral,0.5598434710856361,2.5,2,Negative,Negative,True,False,False,True,False,True,False,False,True,"Lack of normal search filters for most products. 
In most cases, there is no normal description of the same goods"
55,Владимир,2,Уберите свой лохотрон,0.649,0.351,0.0,-0.5719,Negative,1,1,Negative,0.45817381143569946,negative,1,Negative,0.8466628789901733,negative,1,Negative,0.902234673500061,LABEL_1,5,Positive,0.5449199080467224,1,Negative,0.44273194030924,1,Negative,0.0,1,Negative,0.6151032268958201,1.5,2,Negative,Negative,True,True,True,True,False,True,True,True,True,Remove your scam
56,Марина,1,"В приложении с каждым разом все глубже и глубже прячут доставленные товары. Теперь чтобы увидеть что вам что то  уже пришло в пвз нужен танец с бубном и куча телодвижений. Теперь доставленное даже наверх всех заказов не поднимается, а нужно какждый раз все заказы пролистать чтобы проверить пришло ли что-то. Сделайте как раньше было, чтобы или на главной сразу были доставленные в пвз или в лк сразу наверху. Вы не улучшаете, а ухудшаете приложение с каждым разом закапывать пришедшее все дальше и д",0.026,0.916,0.058,0.4257,Positive,5,1,Negative,0.4227275848388672,negative,1,Negative,0.5136926174163818,negative,1,Negative,0.9824025630950928,LABEL_1,5,Positive,0.5455970168113708,3,Neutral,0.5084486249787049,3,Neutral,0.0,3,Neutral,0.6926275462706301,2.75,3,Neutral,Negative,False,True,True,True,False,False,False,False,False,"In the application, delivered goods are hidden deeper and deeper each time. Now, in order to see that something has already arrived in the pvz, you need to dance with a tambourine and a lot of body movements. Now what has been delivered does not even rise to the top of all orders, but you need to scroll through all orders every time to check if something has arrived. Do it as it was before, so that either on the main page they are immediately delivered to the pvz or to the lk immediately at the top. You are not improving, but worsening the application, each time burying what came further and further"
57,Николай,3,"Очень агрессивно проталкивают чаевые в последних версиях. Если покупаешь копеечные товары, выгадывая в цене, а тут с этих копеек практически требуют ещё и чаевые заплатить. Очень неприятно. Чаевые это личное желание дающего, в не обязанность",0.179,0.663,0.158,-0.0351,Neutral,3,1,Negative,0.43210646510124207,negative,1,Negative,0.8580282926559448,negative,1,Negative,0.9663290977478027,LABEL_1,5,Positive,0.5315514802932739,1,Negative,0.7416865056775709,1,Negative,0.0,3,Neutral,0.46,2.0,2,Negative,Neutral,True,False,False,False,False,False,False,True,False,"They push tipping very aggressively in the latest versions. If you buy penny goods, making a profit on the price, but then they practically demand you to pay a tip from these pennies. Very unpleasant. Tipping is a personal desire of the giver, not an obligation."
58,Николай,1,"Сделал заказ - больше недели везли, потом отменили заказ. Товар стал дороже на четверть. Тех поддержка отвечает - ничего страшного, перезакажите. Не нравиться цена - поищите дешевле.",0.202,0.738,0.06,-0.6497,Negative,1,1,Negative,0.6726043224334717,neutral,3,Neutral,0.4949202835559845,negative,1,Negative,0.9535713195800781,LABEL_1,5,Positive,0.5399174690246582,3,Neutral,0.6018169446605784,3,Neutral,0.0,1,Negative,0.5,2.25,2,Negative,Negative,True,True,False,True,False,False,False,True,True,"I placed an order, it was delivered for more than a week, then the order was cancelled. The product became more expensive by a quarter. Technical support responds - no problem, re-order. If you don't like the price, look for something cheaper."
59,Наталия,4,"Здравствуйте,  можно ли как-то добавить метку на страницу заказов оплачен товар или нет, что бы не заходить в каждый заказ и не проверять?",0.0,1.0,0.0,0.0,Neutral,3,1,Negative,0.5516638159751892,neutral,3,Neutral,0.5076059699058533,positive,5,Positive,0.8323500156402588,LABEL_1,5,Positive,0.5565420985221863,3,Neutral,0.5087806389275337,3,Neutral,0.0,1,Negative,0.61,3.0,3,Neutral,Positive,False,False,False,True,True,False,False,False,False,"Hello, is it possible to somehow add a tag to the order page whether the item has been paid for or not, so as not to have to go into each order and check?"
60,Алексей,1,"Что случилось с доставкой? Какой уже по счёту заказ приходится отменять из-за уточнения срока доставки, и ладно бы уточняли в течении дня, так это длится неделю. Когда везут из за границы, то можно понять, а когда из соседней области это уже сверх наглость. Так еще и просят чаевые, за такое вы должны платить клиентам, что они у вас покупают.",0.02,0.948,0.032,-0.0129,Neutral,3,1,Negative,0.4943059980869293,negative,1,Negative,0.7303011417388916,negative,1,Negative,0.9839825630187988,LABEL_1,5,Positive,0.5396838188171387,1,Negative,0.5028051731782576,1,Negative,0.0,1,Negative,0.5280134923372324,1.75,2,Negative,Negative,False,True,True,True,False,True,True,True,True,"What happened to the delivery? There are already a number of orders that have to be canceled due to clarification of the delivery time, and it would be fine if they were clarified within a day, but this lasts a week. When they are brought from abroad, you can understand, but when they are brought from a neighboring region, this is beyond impudence. They also ask for tips, which is what you have to pay your clients for when they buy from you."
61,Колесникова-Николаева-Ирина,5,Товар магазин азон,0.0,1.0,0.0,0.0,Neutral,3,1,Negative,0.47302892804145813,neutral,3,Neutral,0.7139065861701965,positive,5,Positive,0.7033305764198303,LABEL_1,5,Positive,0.5520780086517334,1,Negative,0.47567329700059724,1,Negative,0.0,1,Negative,0.5361361216096006,2.5,2,Negative,Positive,False,False,False,True,True,False,False,False,False,Product store azon
62,Sonya,1,"Сделали доставку на ДВ платной (при чем как-то выборочно, т.к. у знакомых доставка осталась бесплатной), так еще и заказы отменяют по собственной прихоти",0.066,0.724,0.211,0.6597,Positive,5,1,Negative,0.47305572032928467,neutral,3,Neutral,0.7420126795768738,negative,1,Negative,0.9994009733200073,LABEL_1,5,Positive,0.5514225959777832,3,Neutral,0.5935119661455693,3,Neutral,0.0,5,Positive,0.5826139989562452,3.25,3,Neutral,Negative,False,True,False,True,False,False,False,False,False,"They made delivery to the Far East chargeable (somehow selectively, since friends still had free delivery), and they also cancel orders at their own whim"
63,Александр,3,"Че за прикол 2 недели ждёш потом приходят обратно деньги извените итд, вам че тут заем что-ли ещё и чаевые хотите совсем ахерели чеж штрафы не сделаете за такую херню удоты",0.045,0.833,0.122,0.296,Positive,3,1,Negative,0.6656654477119446,negative,1,Negative,0.8964753150939941,negative,1,Negative,0.991916835308075,LABEL_1,5,Positive,0.5431627631187439,3,Neutral,0.4833404075059377,3,Neutral,0.0,1,Negative,0.5565458702717223,2.25,2,Negative,Neutral,False,False,False,False,False,True,True,False,False,"What a joke, you wait for 2 weeks and then the money comes back, sorry, etc., why do you need a loan or something else and do you want a tip?"
64,Daniil,4,"Уважаемая команда Ozon,
Прошу Вас:
Возврат фильтра в подборках.
Ранее наличие фильтрации внутри подборок значительно облегчало навигацию и ускоряло поиск необходимых товаров. Сейчас, к сожалению, эта возможность отсутствует, что затрудняет выбор и снижает удобство использования сервиса.
С уважением,
Даниил!",0.125,0.76,0.115,0.2481,Positive,3,1,Negative,0.44486814737319946,neutral,3,Neutral,0.8283094763755798,negative,1,Negative,0.7552079558372498,LABEL_1,5,Positive,0.5461891889572144,3,Neutral,0.5947777898424061,3,Neutral,0.0,3,Neutral,0.56,2.75,3,Neutral,Positive,True,False,False,False,True,False,False,False,False,"Dear Ozon team,
I ask you:
Return the filter in collections.
Previously, the presence of filtering within collections greatly facilitated navigation and speeded up the search for the necessary products. Now, unfortunately, this option is missing, which makes the choice difficult and reduces the usability of the service.
Best regards,
Daniel!"
65,Вероника,3,"Будьте добры, добавьте в профиль возможность настроить отказ от показа некоторых категорий товаров. 
Допустим мне в ленте не нужны товары 18+, мусульманские товары тк очень раздражают покрытые",0.079,0.743,0.178,0.4033,Positive,5,1,Negative,0.39766889810562134,negative,1,Negative,0.6135352849960327,positive,5,Positive,0.6828324198722839,LABEL_1,5,Positive,0.5336483120918274,3,Neutral,0.7723750449507516,3,Neutral,0.0,3,Neutral,0.88,3.25,3,Neutral,Neutral,False,False,False,False,False,True,True,True,True,"Please add to your profile the ability to set a refusal to display certain product categories. 
Let’s say I don’t need 18+ products in my feed, Muslim products might be very annoying when covered"
66,Алексей,1,"Ужасное изменение страницы профиля.
Куча рекламы вместо информации о заказах. Все что касается профиля запрятали еще дальше",0.134,0.866,0.0,-0.4767,Negative,1,1,Negative,0.9051092863082886,negative,1,Negative,0.892116129398346,negative,1,Negative,0.9940915703773499,LABEL_1,5,Positive,0.5497382283210754,1,Negative,0.707853836147253,1,Negative,0.0,1,Negative,0.5958324742862423,1.5,2,Negative,Negative,True,True,True,True,False,True,True,True,True,"Terrible profile page change.
A lot of advertising instead of information about orders. Everything related to the profile was hidden even further"
67,Александр,1,"Баллы за отзывы сломаны, если китайские товары заказывать то ломаются баллы если китаез удалит страницу. И так было 5 раза. Поддержка ничего толком не отвечает по делу. Поддержки человека нет, через робота не пробиться. Очень неприятно, робот тупой как рыба. Баги и багами погоняют, избранное грузится только через 3 раза, при заказе товара сбрасывает страницу поиска товара. Нет китайских товаров в списке заказов, падает в самы низ и его не видно. В общем 1 зв, нет обратной связи и поддержки",0.175,0.727,0.098,-0.8221,Negative,1,1,Negative,0.5467382073402405,negative,1,Negative,0.9476799368858337,negative,1,Negative,0.999718964099884,LABEL_1,5,Positive,0.5430490374565125,1,Negative,0.7882893139783683,1,Negative,0.0,1,Negative,0.52,1.5,2,Negative,Negative,True,True,True,True,False,True,True,True,True,"Points for reviews are broken, if Chinese goods are ordered, then points are broken if a Chinese person deletes the page. And this happened 5 times. Support doesn't really answer anything. There is no human support, you can’t get through a robot. Very unpleasant, the robot is dumb as a fish. There are bugs and bugs, favorites are loaded only after 3 times, when ordering a product, the product search page is reset. There are no Chinese goods in the order list, it falls to the very bottom and is not visible. Overall 1 star, no feedback or support"
68,Александр,2,"За магазин 5, за поиск товаров 3, за поиск товаров по изображению -2, нет, даже -100. Зачем делать поиск по изображению, если он выдаёт абсолютно не то? И сделайте уже поиск в архиве заказов и нормальную сортировку в текущих",0.113,0.887,0.0,-0.6786,Negative,1,1,Negative,0.5744246244430542,neutral,3,Neutral,0.8516944050788879,negative,1,Negative,0.9892274141311646,LABEL_1,5,Positive,0.5345759987831116,3,Neutral,0.4179747133520706,3,Neutral,0.0,1,Negative,0.6074453077667714,2.25,2,Negative,Negative,True,True,False,True,False,False,False,True,True,"For the store 5, for searching for products 3, for searching for products by image -2, no, even -100. Why do a search by image if it returns absolutely the wrong thing? And already do a search in the archive of orders and normal sorting in current ones"
69,Олег,1,"Убрали статус пришедших товаров и штрихкод с первой страницы, ищите его на задворках приложения. Пришли в пункт и стоите копаетесь в телефоне, а за соседней дверью получают товар без лишних телодвижений.",0.0,1.0,0.0,0.0,Neutral,3,1,Negative,0.5266494154930115,neutral,3,Neutral,0.7374207377433777,positive,5,Positive,0.6038519144058228,LABEL_1,5,Positive,0.5393335819244385,3,Neutral,0.47286765470668307,3,Neutral,0.0,1,Negative,0.5695589744661604,3.0,3,Neutral,Negative,False,True,False,False,False,False,False,True,False,"We removed the status of incoming goods and the barcode from the first page, look for it at the back of the application. We came to the point and stood there rummaging through the phone, and behind the next door they received the goods without unnecessary movements."
70,Анатолий,5,"Озон стал вылетать каждый раз, когда я пытаюсь делиться ссылкой на товар",0.0,0.845,0.155,0.296,Positive,3,1,Negative,0.6031481623649597,neutral,3,Neutral,0.4864540994167328,negative,1,Negative,0.9884819984436035,LABEL_1,5,Positive,0.5454375743865967,1,Negative,0.40584424256277823,1,Negative,0.0,1,Negative,0.6025287877132257,2.0,2,Negative,Positive,True,False,False,False,True,False,False,False,False,Ozone began to fly out every time I try to share a link to a product
71,Денис,1,"Дожились, озон клянчит деньги для сотрудников ПВЗ. Совсем всё плохо?",0.192,0.808,0.0,-0.5849,Negative,1,3,Neutral,0.6167924404144287,negative,1,Negative,0.7632519602775574,negative,1,Negative,0.8436660766601562,LABEL_1,5,Positive,0.541980504989624,3,Neutral,0.5962777662763838,3,Neutral,0.0,1,Negative,0.5600349698686728,2.25,2,Negative,Negative,True,False,True,True,False,False,False,True,True,"We've made it, ozone is begging for money for the pick-up plant employees. Is everything really bad?"
72,DELETED,5,"Добавьте функцию ""ответил сторонний покупатель"". Очень часто бывает, когда я точно знаю ответ, но не могу ответить, так как не приобретал данный товар. Вопроситель должен быть об этом предупреждён, при этом ответ стороннего покупателя можно выделить допустим на жёлтом фоне.",0.056,0.905,0.039,-0.2023,Negative,3,1,Negative,0.6175237894058228,neutral,3,Neutral,0.5746269822120667,negative,1,Negative,0.7497117519378662,LABEL_1,5,Positive,0.5429584980010986,1,Negative,0.5338880536957674,1,Negative,0.0,1,Negative,0.49,2.0,2,Negative,Positive,False,False,False,False,True,False,False,False,False,"Add a “third party buyer responded” feature. It often happens when I know exactly the answer, but I cannot answer because I did not purchase the product. The questioner must be warned about this, and the answer of the third-party buyer can be highlighted, for example, on a yellow background."
73,Сергей,1,"Барахло  как можно отключить эту рекламу , зайца с морковками  это лохотрон . Просто чтобы было  уведомление о товаре ивсе.",0.134,0.866,0.0,-0.5719,Negative,1,1,Negative,0.5351130962371826,negative,1,Negative,0.895561933517456,negative,1,Negative,0.9983940720558167,LABEL_1,5,Positive,0.545575737953186,3,Neutral,0.4850210467103762,3,Neutral,0.0,1,Negative,0.5251259081553136,2.0,2,Negative,Negative,True,True,True,True,False,False,False,True,True,"It's junk, how can you turn off this advertising, the hare with carrots is a scam. Just to have a notification about the product and that’s it."
74,Александр,5,Что писать Ок.,0.0,0.577,0.423,0.296,Positive,3,3,Neutral,0.5120919942855835,neutral,3,Neutral,0.7440914511680603,neutral,3,Neutral,0.4692355692386627,LABEL_1,5,Positive,0.5562470555305481,1,Negative,0.4650618218409996,1,Negative,0.0,3,Neutral,0.7044635632852163,2.75,3,Neutral,Positive,True,False,False,False,True,False,False,False,False,What to write Ok.
75,Chorni,1,Доставка слишком долгая,0.0,1.0,0.0,0.0,Neutral,3,3,Neutral,0.5172529220581055,neutral,3,Neutral,0.8832758665084839,negative,1,Negative,0.5368537306785583,LABEL_1,5,Positive,0.5613829493522644,3,Neutral,0.6850345726478649,3,Neutral,0.0,3,Neutral,0.5454425758527005,3.0,3,Neutral,Negative,False,False,False,True,False,False,False,False,False,Delivery is too long
76,Андрей,3,Вы что в Озоне вообще потерялись. То делают рекламу что можно заработать за день 9200р. А тут выпрашивают деньги не хватает что ли???,0.113,0.887,0.0,-0.5504,Negative,1,1,Negative,0.5009790062904358,negative,1,Negative,0.8215339183807373,negative,1,Negative,0.9937474727630615,LABEL_1,5,Positive,0.5477127432823181,1,Negative,0.5575189587335865,1,Negative,0.0,1,Negative,0.5793724328217714,1.5,2,Negative,Neutral,False,False,False,False,False,False,False,False,False,"Are you completely lost in Ozone? Then they make an advertisement that you can earn 9200 rubles in a day. And here they are begging for money, isn’t there enough???"
77,Юрий,1,"Невозможно авторизоваться на Poco Pad M1 - сплошные сбои приложения. Даже заявку подать нельзя в приложении, потому скриншот никак не прикрепить, хотя предоставлены вообще все разрешения приложения. Похоже, нормальных разрабов в стране больше нет.",0.091,0.827,0.083,-0.1097,Neutral,3,1,Negative,0.48346906900405884,negative,1,Negative,0.6216983199119568,negative,1,Negative,0.997391939163208,LABEL_1,5,Positive,0.5432255864143372,1,Negative,0.8157128147864827,1,Negative,0.0,1,Negative,0.6923653491434746,1.75,2,Negative,Negative,False,True,True,True,False,True,True,True,True,"It is impossible to log in to the Poco Pad M1 - continuous application crashes. You cannot even submit an application in the application, so there is no way to attach a screenshot, although all application permissions are granted. It looks like there are no normal developers in the country anymore."
78,Александр,2,"За урезанные отзывы, где минус?",0.0,1.0,0.0,0.0,Neutral,3,3,Neutral,0.637567937374115,neutral,3,Neutral,0.840579628944397,negative,1,Negative,0.6109588742256165,LABEL_1,5,Positive,0.5547133088111877,3,Neutral,0.8075521625006113,3,Neutral,0.0,3,Neutral,0.3490264755819672,3.0,3,Neutral,Negative,False,False,False,True,False,False,False,False,False,"For the truncated reviews, where is the minus?"
79,Сергей,1,"Доставки постоянно задерживаются, товар на ПВЗ отгружают в обычных мешках, волоча их по полу, из-за чего приходится часто отменять заказы из-за повреждений.",0.15,0.85,0.0,-0.6249,Negative,1,1,Negative,0.5568758845329285,neutral,3,Neutral,0.4985189437866211,negative,1,Negative,0.9982256293296814,LABEL_1,5,Positive,0.5525388717651367,3,Neutral,0.49590319500877644,3,Neutral,0.0,3,Neutral,0.4972730030542782,2.5,2,Negative,Negative,True,True,False,True,False,False,False,False,True,"Deliveries are constantly delayed, goods are shipped to the pickup point in ordinary bags, dragging them along the floor, which is why orders often have to be canceled due to damage."
80,Роман,1,и что теперь эта фигня с чаевыми будет висеть у меня в профиле постоянно? уберите её нафиг!💩,0.214,0.786,0.0,-0.6239,Negative,1,1,Negative,0.5582494735717773,negative,1,Negative,0.6229791045188904,negative,1,Negative,0.9443873763084412,LABEL_1,5,Positive,0.5399965643882751,1,Negative,0.6860549955198457,1,Negative,0.0,1,Negative,0.5932352376272307,1.5,2,Negative,Negative,True,True,True,True,False,True,True,True,True,and now this tip bullshit will hang on my profile all the time? take her away!💩
81,DELETED,4,Дорого стало на озон,0.0,1.0,0.0,0.0,Neutral,3,3,Neutral,0.4736582636833191,neutral,3,Neutral,0.8234385251998901,neutral,3,Neutral,0.928827166557312,LABEL_1,5,Positive,0.5423628091812134,3,Neutral,0.5928996011204668,3,Neutral,0.0,3,Neutral,0.6313326224035333,3.25,3,Neutral,Positive,False,False,False,False,True,False,False,False,False,Ozone has become expensive
82,Сергей,1,"Как же надоели постоянно обновлять приложение,  молчу о куче спама",0.305,0.695,0.0,-0.6901,Negative,1,1,Negative,0.6411929130554199,negative,1,Negative,0.5972343683242798,negative,1,Negative,0.9723993539810181,LABEL_1,5,Positive,0.5444666147232056,1,Negative,0.3915464627541649,3,Neutral,0.0,3,Neutral,0.8068548474884839,2.0,2,Negative,Negative,True,True,True,True,False,True,False,False,True,"I’m so tired of constantly updating the application, I’m silent about the heap of spam"
83,Константин,4,"100 мб обновление это слишком, через мобильный интернет в пвз, иначе не работает",0.0,1.0,0.0,0.0,Neutral,3,1,Negative,0.4107571840286255,neutral,3,Neutral,0.7016058564186096,negative,1,Negative,0.9767237901687622,LABEL_1,5,Positive,0.5450723171234131,3,Neutral,0.7342601372763755,3,Neutral,0.0,3,Neutral,0.78,2.75,3,Neutral,Positive,False,False,False,False,True,False,False,False,False,"100 MB update is too much, via mobile Internet in PvS, otherwise it doesn’t work"
84,Vit,1,"После обновления появилась везде кнопка с чаевыми. Раздражает, рассчитана на случайное нажатие. Уберите",0.298,0.702,0.0,-0.6249,Negative,1,1,Negative,0.4909467101097107,neutral,3,Neutral,0.5904433131217957,negative,1,Negative,0.9337418675422668,LABEL_1,5,Positive,0.5345967411994934,3,Neutral,0.5053664540426437,3,Neutral,0.0,1,Negative,0.5885656816549755,2.25,2,Negative,Negative,True,True,False,True,False,False,False,True,True,"After the update, a tip button appeared everywhere. Annoying, designed to be pressed accidentally. Remove"
85,Андрей,5,"Мне нравится, ок",0.0,0.175,0.825,0.5719,Positive,5,5,Positive,0.6668540835380554,positive,5,Positive,0.9940485954284668,positive,5,Positive,0.8727129697799683,LABEL_1,5,Positive,0.5472948551177979,3,Neutral,0.5298840322374212,3,Neutral,0.0,3,Neutral,0.47536645372567526,4.25,4,Positive,Positive,True,True,True,True,True,False,False,False,True,I like it ok
86,Александр,1,"Хуже только - АД! Воровство и потеря посылок, надеюсь загнётся это недоразумение.",0.507,0.39,0.103,-0.9076,Negative,1,1,Negative,0.491924524307251,negative,1,Negative,0.8894413709640503,negative,1,Negative,0.5192537307739258,LABEL_1,5,Positive,0.5433830618858337,1,Negative,0.6681090646650149,1,Negative,0.0,3,Neutral,0.5448582071215055,1.75,2,Negative,Negative,True,True,True,True,False,True,True,False,True,"The only thing worse is HELL! Theft and loss of parcels, I hope this misunderstanding will end."
87,Константин,3,"21 век а заказы идут по месяцу , если товары из Китая наладьте логистику такими темпами уже отпадает желание заказывать а лучше купить в магазине !!!",0.05,0.782,0.169,0.6784,Positive,5,1,Negative,0.5221726298332214,neutral,3,Neutral,0.6996837258338928,negative,1,Negative,0.9967890977859497,LABEL_1,5,Positive,0.547347903251648,1,Negative,0.6043284478771703,1,Negative,0.0,3,Neutral,0.519331802502776,2.5,2,Negative,Neutral,False,False,True,False,False,False,False,True,False,"It’s the 21st century and orders go in for a month, if goods from China, set up logistics at this rate, the desire to order will disappear, and it’s better to buy in a store!!!"
88,Оля,3,Все брони в вишлисте слетают,0.277,0.723,0.0,-0.3182,Negative,3,3,Neutral,0.37939155101776123,neutral,3,Neutral,0.8746433258056641,negative,1,Negative,0.9749661684036255,LABEL_1,5,Positive,0.5431134700775146,3,Neutral,0.5298840322374212,3,Neutral,0.0,3,Neutral,0.4753664537256753,3.0,3,Neutral,Neutral,False,True,True,False,False,True,True,True,True,All reservations on the wishlist are lost
89,Артур,2,"Очень часто крутится кружок и приходится ждать пока погрузится! Прогружается плохо, иногда надо нажать обновить и то не всегда помогает! Такое происходит уже давно.",0.0,0.863,0.137,0.658,Positive,5,1,Negative,0.7936317920684814,neutral,3,Neutral,0.6755457520484924,negative,1,Negative,0.9188098311424255,LABEL_1,5,Positive,0.5330926775932312,3,Neutral,0.8055827958095101,3,Neutral,0.0,3,Neutral,0.62,3.0,3,Neutral,Negative,False,True,False,True,False,False,False,False,False,"Very often the circle spins and you have to wait for it to submerge! It doesn’t load well, sometimes you have to click refresh and that doesn’t always help! This has been happening for a long time."
90,Сергей,2,"Здравствуйте. Скажите, Вы стали социальной сетью или всё-таки остались онлайн площадкой для магазинов? Какие ленты обзоров, какие топ авторы? Почему постоянно требуете оценить товары? Не хочу я их оценивать. Ещё этот пьяный (по его лицу) заяц морковки суёт куда не надо. И почему при отключенных уведомлениях на email мне стали приходить письма, мол, не хочу ли я оставить чаевые? Может Вы мне оставите чаевые за перегруженное приложение, где чтобы купить приходится пробираться через дебри ненужного",0.063,0.892,0.045,0.4833,Positive,5,1,Negative,0.6106141805648804,negative,1,Negative,0.6668334603309631,negative,1,Negative,0.99882572889328,LABEL_1,5,Positive,0.5396145582199097,1,Negative,0.5841420119569624,1,Negative,0.0,3,Neutral,0.5244235799277301,2.25,2,Negative,Negative,False,True,True,True,False,True,True,False,True,"Hello. Tell me, have you become a social network or are you still an online platform for stores? What review feeds, what top authors? Why do you constantly demand to evaluate products? I don't want to evaluate them. Also, this drunken (by his face) hare is sticking carrots where they shouldn’t. And why, with email notifications turned off, did I start receiving emails asking if I would like to leave a tip? Maybe you can leave me a tip for an overloaded application, where in order to buy you have to wade through the jungle of unnecessary things"
91,Екатерина,3,"Все прекрасно, даже думала что озон со временем заменит обычные магазины. Но грузчики это настоящие варвары, которые не ценят чужую вещь , работают по принципу не моя- не жалко.  Иногда товар совсем не дешёвый, но приходит он в ужасном состоянии, как будто им играли в футбол. Я как клиент могу отказаться, но это же минус для продавца. Заказывали автоматичесий опрыскиватель для сада , в пункте выдачи коробка желает лучшего, с виду целый . По факту пользования, оказалась разбит внутри и течет .",0.094,0.787,0.119,0.234,Positive,3,3,Neutral,0.4346972405910492,neutral,3,Neutral,0.5856765508651733,negative,1,Negative,0.7956848740577698,LABEL_1,5,Positive,0.5482391119003296,3,Neutral,0.4920713751374772,3,Neutral,0.0,1,Negative,0.56,2.75,3,Neutral,Neutral,False,True,True,False,False,True,True,False,True,"Everything is great, I even thought that ozone would eventually replace regular stores. But the movers are real barbarians who don’t value other people’s things and work on the principle that it’s not mine, it’s not a pity.  Sometimes the product is not cheap at all, but it arrives in terrible condition, as if it was used in football. As a client, I can refuse, but this is a minus for the seller. We ordered an automatic sprayer for the garden, at the point of delivery the box was much better, it looked intact. After using it, it turned out to be broken inside and leaking."
92,Анна,3,"Для чего убрали сортировку по типу товара в избранном, было удобно, теперь хуже, чем в вб, там хоть поиск по избранному есть.",0.098,0.726,0.177,0.3612,Positive,5,1,Negative,0.46270671486854553,neutral,3,Neutral,0.7148634791374207,negative,1,Negative,0.7365843653678894,LABEL_1,5,Positive,0.5419180393218994,5,Positive,0.5696408815644961,5,Positive,0.0,3,Neutral,0.477803571044713,3.5,4,Positive,Neutral,False,False,True,False,False,False,False,True,False,"Why they removed the sorting by product type in favorites, it was convenient, now it’s worse than in WB, at least there is a search for favorites."
93,Ирина,1,"1. Верните на главный экран функцию, чтобы было видно какие товары пришли. А то приходится каждый раз заходить в заказы, чтобы посмотреть какие товары пришли.
2. Верните сравнение одинаковых товаров у разных продавцов по цене и доставке. Было очень удобно.",0.0,1.0,0.0,0.0,Neutral,3,3,Neutral,0.6019216179847717,neutral,3,Neutral,0.8463394641876221,negative,1,Negative,0.7693017721176147,LABEL_1,5,Positive,0.5451568961143494,3,Neutral,0.6086079125985681,3,Neutral,0.0,5,Positive,0.48,3.25,3,Neutral,Negative,False,False,False,True,False,False,False,False,False,"1. Return the function to the main screen so that you can see what products have arrived. Otherwise, you have to go into orders every time to see what goods have arrived.
2. Return comparisons of identical products from different sellers based on price and delivery. It was very convenient."
94,Нолик,3,"Отслеживание доставки не информативно,поддержка бот с готовыми ответами,быстро забивается кэш и после этого перестают прогружаться изображения,в остальном устраивает.",0.144,0.775,0.081,-0.2401,Negative,3,1,Negative,0.5627515316009521,neutral,3,Neutral,0.7010363340377808,positive,5,Positive,0.6744780540466309,LABEL_1,5,Positive,0.5473787784576416,1,Negative,0.6576463850728755,1,Negative,0.0,1,Negative,0.42456663781292137,2.5,2,Negative,Neutral,False,False,True,False,False,False,False,False,False,"Delivery tracking is not informative, the support is a bot with ready-made answers, the cache quickly fills up and after that the images stop loading, otherwise it’s satisfactory."
95,Дмитрий,1,"Контора п1дорас0в. Тупейший бот, ьупейшие операторы. Проверяйте на наличие iq при приёме на работу",0.375,0.625,0.0,-0.765,Negative,1,3,Neutral,0.4580535292625427,neutral,3,Neutral,0.7204548120498657,negative,1,Negative,0.9991481304168701,LABEL_1,5,Positive,0.5524036288261414,1,Negative,0.7154286637985879,1,Negative,0.0,3,Neutral,0.7632678176304267,2.25,2,Negative,Negative,True,False,False,True,False,True,True,False,True,"Office p1doras0v. Dumbest bot, dumbest operators. Check for iq when applying for a job"
96,Андрей,1,"А с какого вы навязываете чаевые? Это парикмахер, курьер, официант. Человек на выдаче сидит на окладе, или он прям сверх мастеровой? Нище-броды. И главное такое наглое навязывание.",0.0,1.0,0.0,0.0,Neutral,3,3,Neutral,0.4724236726760864,negative,1,Negative,0.8788957595825195,negative,1,Negative,0.9777872562408447,LABEL_1,5,Positive,0.5304576754570007,3,Neutral,0.5805883637754748,3,Neutral,0.0,3,Neutral,0.5055790356896707,2.75,3,Neutral,Negative,False,False,True,True,False,False,False,False,False,"How much do you charge for tips? This is a hairdresser, courier, waiter. Is the person at the checkout on a salary, or is he just above the artisan's salary? Beggar Brody. And the main thing is such blatant imposition."
97,Вадим,1,"Затерроризировали рекламой моего ребенка. Смотрит мультики на рутюбе , а ему каждую минуту ""купи на озон, купи на озон, купи на озон"".  компания низкой социальной ответственности",0.187,0.813,0.0,-0.7351,Negative,1,1,Negative,0.44450119137763977,negative,1,Negative,0.7358098030090332,negative,1,Negative,0.9989277720451355,LABEL_1,5,Positive,0.5224863290786743,1,Negative,0.4911323519543483,1,Negative,0.0,3,Neutral,0.6873537344983108,1.75,2,Negative,Negative,True,True,True,True,False,True,True,False,True,"They terrorized my child with advertising. He watches cartoons on Rutube, and every minute he says “buy for ozone, buy for ozone, buy for ozone.”  low social responsibility company"
98,Дмитрий,3,В приложении на товаре не отображается время доставки очень не удобно. Делал пару заказов а из оказалось ждать больше месяца.,0.091,0.909,0.0,-0.4005,Negative,1,1,Negative,0.5523300170898438,negative,1,Negative,0.6805881857872009,negative,1,Negative,0.9047309160232544,LABEL_1,5,Positive,0.5524667501449585,5,Positive,0.4939211237697349,5,Positive,0.0,5,Positive,0.52,3.0,3,Neutral,Neutral,False,False,False,False,False,False,False,False,True,"The app does not display the delivery time on the product, which is very inconvenient. I made a couple of orders and it turned out to wait more than a month."
99,Геннадий,3,"Странное приложение, то связи с продавцами нет, то продавец отвечает на вопрос о товаре но как перейти на этот самый товар вообще не понятно. Есть бонусы от продавцов но как ими воспользоваться так-же непонятно. Есть страница товара но чтоб прочитать описание или свойства нужно ооооооочень много пролистать всякой ненужной информации и как найти точно такой-же товар дешевле или быстрее доставкой от других продавцов так-же непонятно - ооочень сильно Всё разбросано или вовсе отсутствует. И много др",0.132,0.821,0.046,-0.7282,Negative,1,3,Neutral,0.4308699071407318,negative,1,Negative,0.7731966376304626,negative,1,Negative,0.9992150068283081,LABEL_1,5,Positive,0.5479863286018372,1,Negative,0.47915770167719185,1,Negative,0.0,1,Negative,0.61,1.75,2,Negative,Neutral,False,True,False,False,False,False,False,False,False,"A strange application, there is no connection with the sellers, then the seller answers the question about the product, but how to switch to this very product is not clear at all. There are bonuses from sellers, but how to use them is also unclear. There is a product page, but to read the description or properties you need to scroll through a lot of unnecessary information and how to find the exact same product cheaper or faster delivery from other sellers is also unclear - it’s sooooo much everything is scattered or completely missing. And many others"
100,Денис,2,"Тормозит просто ужас, проблемы с интернетом. Какие проблемы могут быть, дома с проводным интернетом! Решайте баги!!!",0.34,0.597,0.063,-0.8346,Negative,1,1,Negative,0.6862562894821167,negative,1,Negative,0.7043116688728333,negative,1,Negative,0.9505037665367126,LABEL_1,5,Positive,0.5468618273735046,1,Negative,0.8895989949232499,1,Negative,0.0,1,Negative,0.97,1.5,2,Negative,Negative,True,True,True,True,False,True,True,True,True,"The slowdown is just terrible, problems with the Internet. What problems can there be at home with wired Internet! Solve bugs!!!"
