dialog_id,num_messages,dialog_sentiment,ensemble_score_avg,ensemble_score_rounded,positive_messages,negative_messages,neutral_messages,sentiment_trend,full_text
sample_1,4,Neutral,3.25,3,2,1,1,stable,"Катали на такой. Свободного ляма говоришь не было? А ежемесячно на заправки сколько бы уходило не прикидывал? ... а расход у неё какой? Написано 290л бак, запас хода 750км, ну в среднем 39л на сотню Карб от Москвича и норм :. "
sample_2,5,Neutral,3.0,3,0,0,5,stable,"Можно же сделать на один глаз, не? Нафига тебе супер-зрение на обоих? А потом ходить так? .. У меня повышенная светобоязнь. Если на улице ярко - двумя глазами смотреть невозможно. Поэтому примерно так и хожу :C А в чем причина? Ходил к врачу? Ставят коньюктивит. Хотя глаза не болят, не слезятся и не гноятся. Наследственность от отца, у сестры тоже такое есть, но в меньшей степени"
sample_3,4,Neutral,3.25,3,1,0,3,stable,"Может ты ещё и баночку со звёздочкой с первого раза открываешь? Что ты такое? Хотите сказать что её открывать нужно? Её вроде просто прикладываешь куда нужно и всё.  Так то и чупа-чупс можно с обёрткой рассосать, если не снимается....  Да и на дольше хватит!"
sample_4,5,Neutral,3.0,3,0,0,5,stable,"Видимо имелось ввиду не щенки, а щенята А котята тогда как по другому? Котенки?... Котодети, видать Кошкодети(мужика на моей аве загуглите, забавно про них сказал :D.  Да-да. я с этого видео и взял, просто подзабыл. "
sample_5,4,Positive,3.5,4,2,0,2,worsening,"Коментарии можно сохранять!?? охренеть, спасибо чувак Спасибо что сказал что кмменты можно сохранять, сохранил. Пригодиться! Что сделаЕТ? ПригодиТСЯ ... я двоечник :. "
sample_6,4,Neutral,3.25,3,2,1,1,stable,"грустно... А если одинаково стоили бы, то уже веселее?.  Продам ВАЗ-2112, или обменяю на фару от Порше Кайенн; с моей доплатой хочешь потрогать мой порше?"
sample_7,6,Neutral,3.0,3,0,0,6,stable,"Тоже не понимаю, откуда эти стандарты за 5 лет машина должна пробежать овер 80к км.  Смотря какой город. У меня в Екатеринбурге за 1 год и 4 месяца получилось 30 тыс км. Езда на работу и домой плюс магазины.  У меня в Екатеринбурге у коллеги пробег 13тыс за 5 лет.  значит у вас разные Екатеринбурги да нет, просто живет рядом с работой, в основном пешком ходит, а авто нужен чтоб с ребенком до больницы доехать или раз в неделю за продуктами.  у меня пробег почти за 3 года около 4 тысяч. водитель в..."
sample_8,6,Negative,2.3333333333333335,2,0,4,2,worsening,"Да уж... видимо старенькая статейка сейчас больше половины погон изменено... А прапоров разве не того? Того сделали с должностями прапоров попросту упразнили, а звание как было так и есть.  а прапора нынче должности КВ занимают? или ЗКР Я просто свое в 2007 году отслужил.  В основном должности старшин роты, реже КО, ну и в качестве исключения если офицеров вообще нет то КВ Ну это так и было, ты же говоришь, должности сократили.."
sample_9,4,Neutral,2.75,3,0,1,3,stable,"она НЕ выкладывала скан паспорта. скан - это изображение паспорта в полный разворот. а тут мы видим лишь кусочек неизвестной бумаги А вопрос тем временем остается открытый - если она выложит хоть скан всех страниц, что вы будете делать после этого для того, чтобы ей помочь? а тебе не все ли равно? Ну потому что ясен пень, что ничего. Нервы потрепите ей, почешите ЧСВ себе - и все. "
sample_10,4,Neutral,2.75,3,0,1,3,stable,"Эх...мог бы для приличия на тысячной купюре все это дело провернуть, больше правдивости было бы.  Причем здесь номинал купюры? При том, что часто ты просвечиваешь 50 рублевые купюры? Я вообще не просвечиваю купюры. "
sample_11,4,Positive,4.0,4,4,0,0,stable,"Где лагман хороший делают? Хинкальная на Химиков Спасибо за совет, буду знать, что у них заказать.  Я многие блюда там пробовал, всё понравилось. "
sample_12,4,Neutral,3.0,3,1,1,2,worsening,"Кто сказал, что это роды? Почему она без спец. одежды? Может ещё костюм химзащиты надевать? Ну как минимум халат и бахилы было бы логично Может ещё зеленкой обмазаться? В чем логичность то? Она же туда не лезет..."
sample_13,5,Neutral,3.2,3,1,1,3,improving,"Да ну и что. У него борода/небритость зарешала бы! А была небритость? Что-то у тебя фантазия разыгралась... Пашка, ну кинул бы в него мяч и убежал, хорош, че ты докапываешься.. Я против домыслов .  Да ты толерантен!! Красавчик!"
sample_14,4,Neutral,3.25,3,1,0,3,stable,"Судя по автозамене, вы из Беларуси? Не, но картофан и моя тема тоже.  С такими надбавками только его и есть🤗 и макарошки же! Как та мадама советовала, которой я имя не помню"
sample_15,4,Neutral,3.0,3,1,1,2,improving,"Угуг. Как то психолог спросил хвалили ли меня. Я поржал. Ахах, меня - хвалить? Ахах. Плак плак.  Вы еще скажите, что у меня мнение свое есть...и я пойду спрошу у мамы, можно ли над вами посмеяться.  ну хотябы не у жены Зачем мне жена?"
sample_16,4,Neutral,2.75,3,0,1,3,stable,"Требовать вспомнить что-то многолетней давности от человека с диагнозом склероз... Давай, придумай что-нибудь еще тупее.  почитай что такое рассеянный склероз и, заодно, что такое дебильность Изучил инфу про болячки автора темы, щас пойду почитаю про твои.  изучатель хренов, хоть понял чем РС от склероза отличается ?"
sample_17,7,Neutral,3.2857142857142856,3,3,1,3,worsening,"Привет тебе из славного района ВАИ=.  И тебе привет из славного района ВАИ, я с Туполева, а ты? Туполева 15б... Туполева 7... Ну почти соседи. Знакомы едва ли (я барышня, 31 год. , но ВАИ, как известно, та ещё деревня=.  А мне 36 и я парень... да деревня это точно... Ты коренная? я с детства тут, учился в 30-ке Офигеть теперь вообще. Да, коренная. Ну почти... С шести лет на ваях живу. "
sample_18,4,Neutral,3.0,3,1,1,2,worsening,"Эт факт..Религия это бизнес чаще всего Для кого бизнес, а для кого иллюзия надежды А этими иллюзиями торгуют, так что бизнес на иллюзиях=.  Сейчас бы воздух продавать.."
sample_19,4,Neutral,2.75,3,1,2,1,improving,"КАК ВЫ НАХУЙ БЕСИТЕ!!! не нравится вам смотреть на это, сука, внесите теги жесть мясо кишки кровь в игнор и не ебите мозги другим Чтобы на это не смотреть надо эти тэги внести в игнор? А сработает? у меня тег аниме в игноре, сработало А есть тег выключить психованных с психованными комментариями?. "
sample_20,4,Neutral,3.0,3,1,1,2,improving,"Ну тогда и Бумер .. Всё никак не пойму что в нём хорошего.  Я сам не смотрел, но рекомендовали мне всегда его мужики, похожие на тех, что на картинке выше.. А я смотрел. И да. Действительно это фильм для таких вот мужиков и им сочувствующих. Не стал бы рекомендовать к просмотру:. "
sample_21,5,Neutral,3.2,3,2,1,2,stable,"Интересная тема медицина - иногда напоминает некромантию.  Только работает. А некромантия, насколько я знаю, нет. Или есть свидетельства обратного? Без понятия, у меня в знакомых - максимум - сатанисты.  И среди них нет колдунов?. Я когда-то знал одну ведьму.  Всякие есть. Некромантов нет. Я сама типо правнучка ведьмы, но мозги достались сугубо рациональные. "
sample_22,4,Neutral,3.0,3,0,0,4,stable,"Валентина Терешкова предложила обнулить президентские сроки. А обнулились мозги борцов с режимом Да не Терешкова это предложила! Она всего лишь озвучила. Те правки, что ввели в Конституцию, уже автоматически обнуляют президентский срок.  Лучше бы кредиты всем обнулили.  Вы на святое-то не замахивайтесь!"
sample_23,4,Neutral,2.75,3,0,1,3,stable,"Прочитал «Сталкер» Скоро новая часть, все мысли о нем :/ Скоро забыл в кавычки загань Извиняюсь за свою оплошность и это низменное извиняюсь поправить! благородные доны так не говорят. "
sample_24,4,Neutral,3.25,3,1,0,3,stable,"Именно по этому, мне больше нравиться в этом плане США.  Ага, то то в последнее время довольные американцы копов отстреливают.  Американцы или кучка blmовских расистов? А они не американцы? В Фергюсоне бурление было довольно масштабным"
sample_25,5,Neutral,3.4,3,2,0,3,stable,"думаю, что могу.  а в каком городе проживаете? Кемерово эхх, далеко(( вы подождите, пока сделаю свой ноут и выложу длинопост с новой работой. Может и расстояние покажется несущественным.."
sample_26,4,Neutral,3.0,3,0,0,4,stable,"Где ты старый добрый гарлем шейк... Единственный танец который я могла танцевать :с ну хз, я в свое время разрывал танцпол танцем маленьких утят ...разрывал напополам. И все расходились от тебя, как от прокаженного. "
sample_27,4,Neutral,3.0,3,0,0,4,stable,"Ей же лет 13 О. О Значительно больше . А плоха это не ошибка а такой стиль письма .  Ну факт остаётся фактом стиль письма у неё, поступки и реакция как у 12-летней девочки Это не возрасты, а стиль жизни. Как говориться - такое не лечится. "
sample_28,4,Neutral,3.0,3,2,2,0,stable,"Там регулярной армии хватит, чтобы отвадить любые поползновения в сторону нашего полуострова.  Причём хватит уже того, что есть в самом Крыму.  Да, там вполне самодостаточная группа войск. На руинцев их хватит с лихвой.  Это еще руинцев найти нужно будет. В любом случае военный действия это плохо. Это только рассуждать возле монитора хорошо как оно стрелять и убивать. "
sample_29,4,Neutral,3.0,3,0,0,4,stable,"А типа в указанных районах ввели режим АТО или как? Типа вдоль границы шныряет более чем дохуя народу с оружием. Причём отдельные из шныряющих не отличаются адекватностью. А по сути твой пост - вброс.  Мой пост вопрос, по сути вопрос, а не вброс .  Российские десантники заблудились.....Охуенный вопрос. Знак вопроса теперь так . выглядит?"
