EPOCH	TIMESTAMP	LEARNING_RATE	TRAIN_LOSS
1	21:49:21	0.0001	1.0714
EPOCH	TIMESTAMP	LEARNING_RATE	TRAIN_LOSS
1	01:44:18	0.0001	0.9476
2	04:34:04	0.0001	0.8779
3	07:21:50	0.0001	0.8571
4	10:45:15	0.0001	0.8405
5	14:39:12	0.0001	0.8288
6	18:40:17	0.0001	0.8193
7	23:29:26	0.0001	0.8112
8	02:51:25	0.0001	0.8030
9	05:56:51	0.0001	0.7957
10	09:03:16	0.0001	0.7885
11	13:34:47	0.0001	0.7850
12	17:49:07	0.0001	0.7771
13	22:34:36	0.0001	0.7724
14	02:08:21	0.0001	0.7667
15	05:14:15	0.0001	0.7630
16	08:17:48	0.0001	0.7565
17	11:48:38	0.0001	0.7535
18	16:23:19	0.0001	0.7516
19	21:16:21	0.0001	0.7458
EPOCH	TIMESTAMP	LEARNING_RATE	TRAIN_LOSS	DEV_LOSS	DEV_PRECISION	DEV_RECALL	DEV_F1	DEV_ACCURACY
1	14:48:43	0.1000	12.7515	4.1778	0.3295	0.3295	0.3295	0.3295
EPOCH	TIMESTAMP	LEARNING_RATE	TRAIN_LOSS	DEV_LOSS	DEV_PRECISION	DEV_RECALL	DEV_F1	DEV_ACCURACY
1	23:28:37	0.0001	1.0234	0.9581	0.5212	0.5212	0.5212	0.5212
2	03:12:14	0.0001	0.9751	0.9293	0.5371	0.5371	0.5371	0.5371
3	06:42:41	0.0001	0.9506	0.9115	0.5458	0.5458	0.5458	0.5458
4	10:52:53	0.0001	0.9355	0.9209	0.5442	0.5442	0.5442	0.5442
5	15:47:24	0.0001	0.9208	0.8908	0.5599	0.5599	0.5599	0.5599
EPOCH	TIMESTAMP	LEARNING_RATE	TRAIN_LOSS	DEV_LOSS	DEV_PRECISION	DEV_RECALL	DEV_F1	DEV_ACCURACY
1	01:26:07	0.0001	0.6891	0.6219	0.7166	0.7166	0.7166	0.7166
2	03:02:33	0.0001	0.5267	0.6662	0.7109	0.7109	0.7109	0.7109
3	04:39:35	0.0001	0.3762	0.8547	0.7039	0.7039	0.7039	0.7039
4	06:16:34	0.0001	0.2699	1.0699	0.6970	0.6970	0.6970	0.6970
EPOCH	TIMESTAMP	LEARNING_RATE	TRAIN_LOSS	DEV_LOSS	DEV_PRECISION	DEV_RECALL	DEV_F1	DEV_ACCURACY
1	09:51:21	0.0001	0.6903	0.6642	0.7008	0.7008	0.7008	0.7008
2	11:46:09	0.0001	0.5273	0.6400	0.7221	0.7221	0.7221	0.7221
3	13:44:42	0.0001	0.3790	0.9206	0.7039	0.7039	0.7039	0.7039
4	16:03:50	0.0001	0.2703	1.1117	0.6904	0.6904	0.6904	0.6904
5	18:33:40	0.0001	0.2098	1.4793	0.6826	0.6826	0.6826	0.6826
