text,dialog_id,message_index,is_dialog,num_messages_in_dialog,vader_neg,vader_neu,vader_pos,vader_compound,vader_sentiment,vader_score,flair_score,flair_sentiment,flair_confidence,rubert_raw_label,rubert_score,rubert_sentiment,rubert_confidence,roberta_raw_label,roberta_score,roberta_sentiment,roberta_confidence,distilbert_raw_label,distilbert_score,distilbert_sentiment,distilbert_confidence,logistic_regression_score,logistic_regression_sentiment,logistic_regression_confidence,svm_score,svm_sentiment,svm_confidence,random_forest_score,random_forest_sentiment,random_forest_confidence,ensemble_score_raw,ensemble_score,ensemble_sentiment,actual_sentiment,is_correct_vader,is_correct_flair,is_correct_rubert,is_correct_roberta,is_correct_distilbert,is_correct_logistic_regression,is_correct_svm,is_correct_random_forest,is_correct_ensemble,translated_text
Катали на такой. Свободного ляма говоришь не было? А ежемесячно на заправки сколько бы уходило не прикидывал? ...,sample_1,0,False,4,0.0,1.0,0.0,0.0,Neutral,3,1,Negative,0.6249036192893982,neutral,3,Neutral,0.5673331022262573,negative,1,Negative,0.9946920275688171,LABEL_1,5,Positive,0.5382329821586609,3,Neutral,0.6081806414169907,3,Neutral,0.0,1,Negative,0.5459483698606657,2.5,2,Negative,,,,,,,,,,,Катали на такой. Свободного ляма говоришь не было? А ежемесячно на заправки сколько бы уходило не прикидывал? ...
а расход у неё какой?,sample_1,1,False,4,0.0,1.0,0.0,0.0,Neutral,3,3,Neutral,0.778629720211029,neutral,3,Neutral,0.8381502032279968,neutral,3,Neutral,0.8484092950820923,LABEL_1,5,Positive,0.5252050161361694,5,Positive,0.4431051849899521,5,Positive,0.0,3,Neutral,0.3849959390322112,3.75,4,Positive,,,,,,,,,,,а расход у неё какой?
"Написано 290л бак, запас хода 750км, ну в среднем 39л на сотню",sample_1,2,False,4,0.0,1.0,0.0,0.0,Neutral,3,1,Negative,0.4554321765899658,neutral,3,Neutral,0.6918354034423828,neutral,3,Neutral,0.5650802850723267,LABEL_1,5,Positive,0.5351868867874146,3,Neutral,0.4646744441290732,3,Neutral,0.0,1,Negative,0.4346375733081519,2.75,3,Neutral,,,,,,,,,,,"Написано 290л бак, запас хода 750км, ну в среднем 39л на сотню"
Карб от Москвича и норм :.,sample_1,3,False,4,0.0,1.0,0.0,0.0,Neutral,3,3,Neutral,0.5688005685806274,positive,5,Positive,0.7210626006126404,positive,5,Positive,0.9933735132217407,LABEL_1,5,Positive,0.531686544418335,3,Neutral,0.5298840322374212,3,Neutral,0.0,3,Neutral,0.4753664537256753,3.75,4,Positive,,,,,,,,,,,Карб от Москвича и норм :.
"Катали на такой. Свободного ляма говоришь не было? А ежемесячно на заправки сколько бы уходило не прикидывал? ... а расход у неё какой? Написано 290л бак, запас хода 750км, ну в среднем 39л на сотню Карб от Москвича и норм :.",sample_1,-1,True,4,0.0,1.0,0.0,0.0,Neutral,3,3,Neutral,0.5072992444038391,neutral,3,Neutral,0.7883650660514832,negative,1,Negative,0.9065946340560913,LABEL_1,5,Positive,0.5361443758010864,3,Neutral,0.46134118319560424,3,Neutral,0.0,3,Neutral,0.4470690132577463,3.0,3,Neutral,,,,,,,,,,,"Катали на такой. Свободного ляма говоришь не было? А ежемесячно на заправки сколько бы уходило не прикидывал? ... а расход у неё какой? Написано 290л бак, запас хода 750км, ну в среднем 39л на сотню Карб от Москвича и норм :."
"Можно же сделать на один глаз, не? Нафига тебе супер-зрение на обоих?",sample_2,0,False,5,0.0,1.0,0.0,0.0,Neutral,3,3,Neutral,0.5559578537940979,neutral,3,Neutral,0.8465827107429504,neutral,3,Neutral,0.7210828065872192,LABEL_1,5,Positive,0.525847852230072,3,Neutral,0.45072549898750014,3,Neutral,0.0,1,Negative,0.5146344554093205,3.0,3,Neutral,,,,,,,,,,,"Можно же сделать на один глаз, не? Нафига тебе супер-зрение на обоих?"
А потом ходить так? ..,sample_2,1,False,5,0.0,1.0,0.0,0.0,Neutral,3,3,Neutral,0.6298553347587585,neutral,3,Neutral,0.8735691905021667,negative,1,Negative,0.495059609413147,LABEL_1,5,Positive,0.530276894569397,1,Negative,0.47442978733418323,3,Neutral,0.0,3,Neutral,0.5053010591678121,2.75,3,Neutral,,,,,,,,,,,А потом ходить так? ..
У меня повышенная светобоязнь. Если на улице ярко - двумя глазами смотреть невозможно. Поэтому примерно так и хожу :C,sample_2,2,False,5,0.204,0.796,0.0,-0.5904,Negative,1,3,Neutral,0.5669631361961365,neutral,3,Neutral,0.8506574034690857,positive,5,Positive,0.5110872387886047,LABEL_1,5,Positive,0.5315640568733215,3,Neutral,0.6199305479440763,3,Neutral,0.0,1,Negative,0.62,3.0,3,Neutral,,,,,,,,,,,У меня повышенная светобоязнь. Если на улице ярко - двумя глазами смотреть невозможно. Поэтому примерно так и хожу :C
А в чем причина? Ходил к врачу?,sample_2,3,False,5,0.0,1.0,0.0,0.0,Neutral,3,3,Neutral,0.5995585918426514,neutral,3,Neutral,0.9279528260231018,negative,1,Negative,0.4251924455165863,LABEL_1,5,Positive,0.5149059891700745,3,Neutral,0.5271049476486432,3,Neutral,0.0,3,Neutral,0.6771828767865122,3.0,3,Neutral,,,,,,,,,,,А в чем причина? Ходил к врачу?
"Ставят коньюктивит. Хотя глаза не болят, не слезятся и не гноятся. Наследственность от отца, у сестры тоже такое есть, но в меньшей степени",sample_2,4,False,5,0.0,1.0,0.0,0.0,Neutral,3,1,Negative,0.5378948450088501,neutral,3,Neutral,0.7124587893486023,negative,1,Negative,0.9852216839790344,LABEL_1,5,Positive,0.530860424041748,3,Neutral,0.6451880323202461,3,Neutral,0.0,3,Neutral,0.6040037372074082,2.75,3,Neutral,,,,,,,,,,,"Ставят коньюктивит. Хотя глаза не болят, не слезятся и не гноятся. Наследственность от отца, у сестры тоже такое есть, но в меньшей степени"
"Можно же сделать на один глаз, не? Нафига тебе супер-зрение на обоих? А потом ходить так? .. У меня повышенная светобоязнь. Если на улице ярко - двумя глазами смотреть невозможно. Поэтому примерно так и хожу :C А в чем причина? Ходил к врачу? Ставят коньюктивит. Хотя глаза не болят, не слезятся и не гноятся. Наследственность от отца, у сестры тоже такое есть, но в меньшей степени",sample_2,-1,True,5,0.08,0.92,0.0,-0.6997,Negative,1,1,Negative,0.5290097594261169,neutral,3,Neutral,0.8378092050552368,negative,1,Negative,0.6108637452125549,LABEL_1,5,Positive,0.5294636487960815,3,Neutral,0.5667009790990334,3,Neutral,0.0,1,Negative,0.56,2.25,2,Negative,,,,,,,,,,,"Можно же сделать на один глаз, не? Нафига тебе супер-зрение на обоих? А потом ходить так? .. У меня повышенная светобоязнь. Если на улице ярко - двумя глазами смотреть невозможно. Поэтому примерно так и хожу :C А в чем причина? Ходил к врачу? Ставят коньюктивит. Хотя глаза не болят, не слезятся и не гноятся. Наследственность от отца, у сестры тоже такое есть, но в меньшей степени"
Может ты ещё и баночку со звёздочкой с первого раза открываешь? Что ты такое?,sample_3,0,False,4,0.0,1.0,0.0,0.0,Neutral,3,3,Neutral,0.6238046288490295,neutral,3,Neutral,0.8917360901832581,negative,1,Negative,0.9759266972541809,LABEL_1,5,Positive,0.5211416482925415,3,Neutral,0.46714109597500597,3,Neutral,0.0,3,Neutral,0.42158624725195604,3.0,3,Neutral,,,,,,,,,,,Может ты ещё и баночку со звёздочкой с первого раза открываешь? Что ты такое?
Хотите сказать что её открывать нужно? Её вроде просто прикладываешь куда нужно и всё.,sample_3,1,False,4,0.0,1.0,0.0,0.0,Neutral,3,1,Negative,0.5246092677116394,neutral,3,Neutral,0.8284612894058228,neutral,3,Neutral,0.6112679243087769,LABEL_1,5,Positive,0.5168997049331665,3,Neutral,0.7476943285111657,3,Neutral,0.0,3,Neutral,0.47,3.0,3,Neutral,,,,,,,,,,,Хотите сказать что её открывать нужно? Её вроде просто прикладываешь куда нужно и всё.
"Так то и чупа-чупс можно с обёрткой рассосать, если не снимается....",sample_3,2,False,4,0.0,1.0,0.0,0.0,Neutral,3,3,Neutral,0.5856611728668213,neutral,3,Neutral,0.6730116009712219,neutral,3,Neutral,0.6491214632987976,LABEL_1,5,Positive,0.5384517312049866,3,Neutral,0.5298840322374212,3,Neutral,0.0,3,Neutral,0.4753664537256752,3.25,3,Neutral,,,,,,,,,,,"Так то и чупа-чупс можно с обёрткой рассосать, если не снимается...."
Да и на дольше хватит!,sample_3,3,False,4,0.0,1.0,0.0,0.0,Neutral,3,3,Neutral,0.5123482942581177,neutral,3,Neutral,0.8023937940597534,positive,5,Positive,0.9821479320526123,LABEL_1,5,Positive,0.5289466977119446,3,Neutral,0.5298840322374212,3,Neutral,0.0,3,Neutral,0.47536645372567543,3.5,4,Positive,,,,,,,,,,,Да и на дольше хватит!
"Может ты ещё и баночку со звёздочкой с первого раза открываешь? Что ты такое? Хотите сказать что её открывать нужно? Её вроде просто прикладываешь куда нужно и всё.  Так то и чупа-чупс можно с обёрткой рассосать, если не снимается....  Да и на дольше хватит!",sample_3,-1,True,4,0.0,1.0,0.0,0.0,Neutral,3,1,Negative,0.4921720623970032,neutral,3,Neutral,0.8165217638015747,negative,1,Negative,0.8807579278945923,LABEL_1,5,Positive,0.5227125883102417,3,Neutral,0.7230061071826512,3,Neutral,0.0,3,Neutral,0.45,2.75,3,Neutral,,,,,,,,,,,"Может ты ещё и баночку со звёздочкой с первого раза открываешь? Что ты такое? Хотите сказать что её открывать нужно? Её вроде просто прикладываешь куда нужно и всё.  Так то и чупа-чупс можно с обёрткой рассосать, если не снимается....  Да и на дольше хватит!"
"Видимо имелось ввиду не щенки, а щенята",sample_4,0,False,5,0.0,1.0,0.0,0.0,Neutral,3,1,Negative,0.487559974193573,neutral,3,Neutral,0.7769784927368164,neutral,3,Neutral,0.7333775162696838,LABEL_1,5,Positive,0.5326055288314819,3,Neutral,0.5060467534625667,3,Neutral,0.0,3,Neutral,0.8478074652345414,3.0,3,Neutral,,,,,,,,,,,"Видимо имелось ввиду не щенки, а щенята"
А котята тогда как по другому? Котенки?...,sample_4,1,False,5,0.0,1.0,0.0,0.0,Neutral,3,3,Neutral,0.6512877941131592,neutral,3,Neutral,0.7435020804405212,negative,1,Negative,0.7899497747421265,LABEL_1,5,Positive,0.5336516499519348,3,Neutral,0.5298840322374212,3,Neutral,0.0,3,Neutral,0.47536645372567526,3.0,3,Neutral,,,,,,,,,,,А котята тогда как по другому? Котенки?...
"Котодети, видать",sample_4,2,False,5,0.0,1.0,0.0,0.0,Neutral,3,3,Neutral,0.4629036784172058,neutral,3,Neutral,0.911815345287323,neutral,3,Neutral,0.5133843421936035,LABEL_1,5,Positive,0.5275859832763672,3,Neutral,0.541309585059862,3,Neutral,0.0,1,Negative,0.6947921071068027,3.0,3,Neutral,,,,,,,,,,,"Котодети, видать"
"Кошкодети(мужика на моей аве загуглите, забавно про них сказал :D.",sample_4,3,False,5,0.0,1.0,0.0,0.0,Neutral,3,3,Neutral,0.663811445236206,negative,1,Negative,0.6543940305709839,positive,5,Positive,0.9354153275489807,LABEL_1,5,Positive,0.5277670621871948,3,Neutral,0.6866120606181414,3,Neutral,0.0,3,Neutral,0.4140969032512142,3.25,3,Neutral,,,,,,,,,,,"Кошкодети(мужика на моей аве загуглите, забавно про них сказал :D."
"Да-да. я с этого видео и взял, просто подзабыл.",sample_4,4,False,5,0.0,1.0,0.0,0.0,Neutral,3,1,Negative,0.527287483215332,neutral,3,Neutral,0.6448920965194702,positive,5,Positive,0.964163064956665,LABEL_1,5,Positive,0.5335904955863953,3,Neutral,0.6862340411422307,3,Neutral,0.0,3,Neutral,0.49227490637934523,3.25,3,Neutral,,,,,,,,,,,"Да-да. я с этого видео и взял, просто подзабыл."
"Видимо имелось ввиду не щенки, а щенята А котята тогда как по другому? Котенки?... Котодети, видать Кошкодети(мужика на моей аве загуглите, забавно про них сказал :D.  Да-да. я с этого видео и взял, просто подзабыл.",sample_4,-1,True,5,0.0,1.0,0.0,0.0,Neutral,3,1,Negative,0.5391839146614075,neutral,3,Neutral,0.5937912464141846,negative,1,Negative,0.5871756672859192,LABEL_1,5,Positive,0.522270143032074,3,Neutral,0.731429586371534,3,Neutral,0.0,1,Negative,0.58,2.5,2,Negative,,,,,,,,,,,"Видимо имелось ввиду не щенки, а щенята А котята тогда как по другому? Котенки?... Котодети, видать Кошкодети(мужика на моей аве загуглите, забавно про них сказал :D.  Да-да. я с этого видео и взял, просто подзабыл."
"Коментарии можно сохранять!?? охренеть, спасибо чувак",sample_5,0,False,4,0.0,1.0,0.0,0.0,Neutral,3,3,Neutral,0.46266698837280273,neutral,3,Neutral,0.712486207485199,positive,5,Positive,0.8666171431541443,LABEL_1,5,Positive,0.5226800441741943,5,Positive,0.5421256329644133,5,Positive,0.0,5,Positive,0.9429861557299495,4.25,4,Positive,,,,,,,,,,,"Коментарии можно сохранять!?? охренеть, спасибо чувак"
"Спасибо что сказал что кмменты можно сохранять, сохранил. Пригодиться!",sample_5,1,False,4,0.0,1.0,0.0,0.0,Neutral,3,1,Negative,0.4069042205810547,positive,5,Positive,0.9766951203346252,positive,5,Positive,0.9616437554359436,LABEL_1,5,Positive,0.5191211104393005,5,Positive,0.7188061130371078,5,Positive,0.0,5,Positive,0.9429861557299495,4.25,4,Positive,,,,,,,,,,,"Спасибо что сказал что кмменты можно сохранять, сохранил. Пригодиться!"
Что сделаЕТ? ПригодиТСЯ ...,sample_5,2,False,4,0.0,1.0,0.0,0.0,Neutral,3,1,Negative,0.5012549161911011,neutral,3,Neutral,0.9281286597251892,negative,1,Negative,0.7289313673973083,LABEL_1,5,Positive,0.533020555973053,3,Neutral,0.5298840322374212,3,Neutral,0.0,3,Neutral,0.4753664537256753,2.75,3,Neutral,,,,,,,,,,,Что сделаЕТ? ПригодиТСЯ ...
я двоечник :.,sample_5,3,False,4,0.0,1.0,0.0,0.0,Neutral,3,3,Neutral,0.4918580651283264,neutral,3,Neutral,0.8445059061050415,negative,1,Negative,0.5130805969238281,LABEL_1,5,Positive,0.5246756076812744,3,Neutral,0.5298840322374212,3,Neutral,0.0,3,Neutral,0.47536645372567543,3.0,3,Neutral,,,,,,,,,,,я двоечник :.
"Коментарии можно сохранять!?? охренеть, спасибо чувак Спасибо что сказал что кмменты можно сохранять, сохранил. Пригодиться! Что сделаЕТ? ПригодиТСЯ ... я двоечник :.",sample_5,-1,True,4,0.0,1.0,0.0,0.0,Neutral,3,3,Neutral,0.5638232231140137,positive,5,Positive,0.8460451364517212,negative,1,Negative,0.972970724105835,LABEL_1,5,Positive,0.5285506248474121,5,Positive,0.6795485327757057,5,Positive,0.0,5,Positive,0.9329861557299495,4.0,4,Positive,,,,,,,,,,,"Коментарии можно сохранять!?? охренеть, спасибо чувак Спасибо что сказал что кмменты можно сохранять, сохранил. Пригодиться! Что сделаЕТ? ПригодиТСЯ ... я двоечник :."
грустно...,sample_6,0,False,4,0.0,1.0,0.0,0.0,Neutral,3,3,Neutral,0.44435885548591614,negative,1,Negative,0.8643503189086914,positive,5,Positive,0.5165153741836548,LABEL_1,5,Positive,0.5384624004364014,1,Negative,0.6283025539709574,1,Negative,0.0,1,Negative,0.911767880206644,2.5,2,Negative,,,,,,,,,,,грустно...
"А если одинаково стоили бы, то уже веселее?.",sample_6,1,False,4,0.0,1.0,0.0,0.0,Neutral,3,3,Neutral,0.6493909955024719,neutral,3,Neutral,0.8056605458259583,positive,5,Positive,0.7799912691116333,LABEL_1,5,Positive,0.5372722148895264,5,Positive,0.4475828151625854,5,Positive,0.0,3,Neutral,0.3948585627350162,4.0,4,Positive,,,,,,,,,,,"А если одинаково стоили бы, то уже веселее?."
"Продам ВАЗ-2112, или обменяю на фару от Порше Кайенн; с моей доплатой",sample_6,2,False,4,0.0,1.0,0.0,0.0,Neutral,3,3,Neutral,0.4879447817802429,neutral,3,Neutral,0.7152253985404968,positive,5,Positive,0.763326108455658,LABEL_1,5,Positive,0.5251417756080627,3,Neutral,0.66574121872456,3,Neutral,0.0,3,Neutral,0.47536645372567526,3.5,4,Positive,,,,,,,,,,,"Продам ВАЗ-2112, или обменяю на фару от Порше Кайенн; с моей доплатой"
хочешь потрогать мой порше?,sample_6,3,False,4,0.0,1.0,0.0,0.0,Neutral,3,3,Neutral,0.5706123113632202,neutral,3,Neutral,0.8719865083694458,neutral,3,Neutral,0.8954393267631531,LABEL_1,5,Positive,0.5271459221839905,3,Neutral,0.5298840322374212,3,Neutral,0.0,3,Neutral,0.47536645372567543,3.25,3,Neutral,,,,,,,,,,,хочешь потрогать мой порше?
"грустно... А если одинаково стоили бы, то уже веселее?.  Продам ВАЗ-2112, или обменяю на фару от Порше Кайенн; с моей доплатой хочешь потрогать мой порше?",sample_6,-1,True,4,0.0,1.0,0.0,0.0,Neutral,3,3,Neutral,0.6228287816047668,negative,1,Negative,0.5198267698287964,negative,1,Negative,0.8381456732749939,LABEL_1,5,Positive,0.532371997833252,3,Neutral,0.4878345179053928,3,Neutral,0.0,1,Negative,0.7063995834555219,2.5,2,Negative,,,,,,,,,,,"грустно... А если одинаково стоили бы, то уже веселее?.  Продам ВАЗ-2112, или обменяю на фару от Порше Кайенн; с моей доплатой хочешь потрогать мой порше?"
"Тоже не понимаю, откуда эти стандарты за 5 лет машина должна пробежать овер 80к км.",sample_7,0,False,6,0.0,1.0,0.0,0.0,Neutral,3,1,Negative,0.5088881254196167,neutral,3,Neutral,0.6567455530166626,negative,1,Negative,0.8518898487091064,LABEL_1,5,Positive,0.5300905704498291,3,Neutral,0.46289531140599344,3,Neutral,0.0,3,Neutral,0.7991222520221644,2.75,3,Neutral,,,,,,,,,,,"Тоже не понимаю, откуда эти стандарты за 5 лет машина должна пробежать овер 80к км."
Смотря какой город. У меня в Екатеринбурге за 1 год и 4 месяца получилось 30 тыс км. Езда на работу и домой плюс магазины.,sample_7,1,False,6,0.0,1.0,0.0,0.0,Neutral,3,3,Neutral,0.4697161018848419,neutral,3,Neutral,0.5938137173652649,positive,5,Positive,0.9651322364807129,LABEL_1,5,Positive,0.525131106376648,3,Neutral,0.4182893323294144,1,Negative,0.0,3,Neutral,0.7355790356896706,3.25,3,Neutral,,,,,,,,,,,Смотря какой город. У меня в Екатеринбурге за 1 год и 4 месяца получилось 30 тыс км. Езда на работу и домой плюс магазины.
У меня в Екатеринбурге у коллеги пробег 13тыс за 5 лет.,sample_7,2,False,6,0.0,1.0,0.0,0.0,Neutral,3,3,Neutral,0.48997414112091064,neutral,3,Neutral,0.7469801306724548,negative,1,Negative,0.6209579110145569,LABEL_1,5,Positive,0.5292388200759888,3,Neutral,0.45751613876484676,5,Positive,0.0,3,Neutral,0.45843186683346604,3.25,3,Neutral,,,,,,,,,,,У меня в Екатеринбурге у коллеги пробег 13тыс за 5 лет.
значит у вас разные Екатеринбурги,sample_7,3,False,6,0.0,1.0,0.0,0.0,Neutral,3,1,Negative,0.4495828449726105,neutral,3,Neutral,0.9330936670303345,neutral,3,Neutral,0.6493313908576965,LABEL_1,5,Positive,0.5258453488349915,3,Neutral,0.7067596087456198,3,Neutral,0.0,5,Positive,0.4100224520065083,3.25,3,Neutral,,,,,,,,,,,значит у вас разные Екатеринбурги
"да нет, просто живет рядом с работой, в основном пешком ходит, а авто нужен чтоб с ребенком до больницы доехать или раз в неделю за продуктами.",sample_7,4,False,6,0.0,1.0,0.0,0.0,Neutral,3,1,Negative,0.4796075224876404,neutral,3,Neutral,0.6505289673805237,positive,5,Positive,0.8750762939453125,LABEL_1,5,Positive,0.5252688527107239,3,Neutral,0.5094670028891389,1,Negative,0.0,5,Positive,0.34546498645857115,3.25,3,Neutral,,,,,,,,,,,"да нет, просто живет рядом с работой, в основном пешком ходит, а авто нужен чтоб с ребенком до больницы доехать или раз в неделю за продуктами."
у меня пробег почти за 3 года около 4 тысяч. водитель выходного дня =.,sample_7,5,False,6,0.0,1.0,0.0,0.0,Neutral,3,3,Neutral,0.4353565275669098,positive,5,Positive,0.5410484075546265,negative,1,Negative,0.9866151809692383,LABEL_1,5,Positive,0.5321183800697327,3,Neutral,0.5675390383376976,3,Neutral,0.0,3,Neutral,0.4638162679328208,3.25,3,Neutral,,,,,,,,,,,у меня пробег почти за 3 года около 4 тысяч. водитель выходного дня =.
"Тоже не понимаю, откуда эти стандарты за 5 лет машина должна пробежать овер 80к км.  Смотря какой город. У меня в Екатеринбурге за 1 год и 4 месяца получилось 30 тыс км. Езда на работу и домой плюс магазины.  У меня в Екатеринбурге у коллеги пробег 13тыс за 5 лет.  значит у вас разные Екатеринбурги да нет, просто живет рядом с работой, в основном пешком ходит, а авто нужен чтоб с ребенком до больницы доехать или раз в неделю за продуктами.  у меня пробег почти за 3 года около 4 тысяч. водитель выходного дня =.",sample_7,-1,True,6,0.0,1.0,0.0,0.0,Neutral,3,1,Negative,0.4978487491607666,neutral,3,Neutral,0.7287758588790894,negative,1,Negative,0.9242088198661804,LABEL_1,5,Positive,0.5211662650108337,3,Neutral,0.45682146945074376,5,Positive,0.0,3,Neutral,0.47,3.0,3,Neutral,,,,,,,,,,,"Тоже не понимаю, откуда эти стандарты за 5 лет машина должна пробежать овер 80к км.  Смотря какой город. У меня в Екатеринбурге за 1 год и 4 месяца получилось 30 тыс км. Езда на работу и домой плюс магазины.  У меня в Екатеринбурге у коллеги пробег 13тыс за 5 лет.  значит у вас разные Екатеринбурги да нет, просто живет рядом с работой, в основном пешком ходит, а авто нужен чтоб с ребенком до больницы доехать или раз в неделю за продуктами.  у меня пробег почти за 3 года около 4 тысяч. водитель выходного дня =."
Да уж... видимо старенькая статейка сейчас больше половины погон изменено...,sample_8,0,False,6,0.0,1.0,0.0,0.0,Neutral,3,3,Neutral,0.5196619033813477,neutral,3,Neutral,0.7085089087486267,neutral,3,Neutral,0.5009762644767761,LABEL_1,5,Positive,0.5390381813049316,1,Negative,0.5093181628900162,3,Neutral,0.0,3,Neutral,0.8683778314357188,3.0,3,Neutral,,,,,,,,,,,Да уж... видимо старенькая статейка сейчас больше половины погон изменено...
А прапоров разве не того?,sample_8,1,False,6,0.0,1.0,0.0,0.0,Neutral,3,3,Neutral,0.7610998153686523,neutral,3,Neutral,0.8753101229667664,negative,1,Negative,0.6751590371131897,LABEL_1,5,Positive,0.5265012979507446,3,Neutral,0.5298840322374212,3,Neutral,0.0,3,Neutral,0.4753664537256753,3.0,3,Neutral,,,,,,,,,,,А прапоров разве не того?
"Того сделали с должностями прапоров попросту упразнили, а звание как было так и есть.",sample_8,2,False,6,0.0,1.0,0.0,0.0,Neutral,3,1,Negative,0.4530767798423767,neutral,3,Neutral,0.7428738474845886,negative,1,Negative,0.9819485545158386,LABEL_1,5,Positive,0.5261971354484558,1,Negative,0.529847144096493,1,Negative,0.0,3,Neutral,0.43791629892886796,2.25,2,Negative,,,,,,,,,,,"Того сделали с должностями прапоров попросту упразнили, а звание как было так и есть."
а прапора нынче должности КВ занимают? или ЗКР Я просто свое в 2007 году отслужил.,sample_8,3,False,6,0.0,1.0,0.0,0.0,Neutral,3,1,Negative,0.4829154312610626,neutral,3,Neutral,0.6766685247421265,negative,1,Negative,0.7938966155052185,LABEL_1,5,Positive,0.5250102877616882,1,Negative,0.5413603439784933,1,Negative,0.0,1,Negative,0.6274771396653459,2.0,2,Negative,,,,,,,,,,,а прапора нынче должности КВ занимают? или ЗКР Я просто свое в 2007 году отслужил.
"В основном должности старшин роты, реже КО, ну и в качестве исключения если офицеров вообще нет то КВ",sample_8,4,False,6,0.0,1.0,0.0,0.0,Neutral,3,3,Neutral,0.49383410811424255,neutral,3,Neutral,0.8134964108467102,negative,1,Negative,0.595274031162262,LABEL_1,5,Positive,0.5221508741378784,1,Negative,0.8367806674934416,1,Negative,0.0,1,Negative,0.7246882974632267,2.25,2,Negative,,,,,,,,,,,"В основном должности старшин роты, реже КО, ну и в качестве исключения если офицеров вообще нет то КВ"
"Ну это так и было, ты же говоришь, должности сократили..",sample_8,5,False,6,0.0,1.0,0.0,0.0,Neutral,3,3,Neutral,0.5072398781776428,negative,1,Negative,0.4956878125667572,negative,1,Negative,0.8982030749320984,LABEL_1,5,Positive,0.5337924957275391,1,Negative,0.47012956507327885,3,Neutral,0.0,3,Neutral,0.48125825953015583,2.5,2,Negative,,,,,,,,,,,"Ну это так и было, ты же говоришь, должности сократили.."
"Да уж... видимо старенькая статейка сейчас больше половины погон изменено... А прапоров разве не того? Того сделали с должностями прапоров попросту упразнили, а звание как было так и есть.  а прапора нынче должности КВ занимают? или ЗКР Я просто свое в 2007 году отслужил.  В основном должности старшин роты, реже КО, ну и в качестве исключения если офицеров вообще нет то КВ Ну это так и было, ты же говоришь, должности сократили..",sample_8,-1,True,6,0.0,1.0,0.0,0.0,Neutral,3,3,Neutral,0.47996315360069275,neutral,3,Neutral,0.618165910243988,negative,1,Negative,0.8722379207611084,LABEL_1,5,Positive,0.5304396152496338,1,Negative,0.7124944993201284,1,Negative,0.0,1,Negative,0.64,2.25,2,Negative,,,,,,,,,,,"Да уж... видимо старенькая статейка сейчас больше половины погон изменено... А прапоров разве не того? Того сделали с должностями прапоров попросту упразнили, а звание как было так и есть.  а прапора нынче должности КВ занимают? или ЗКР Я просто свое в 2007 году отслужил.  В основном должности старшин роты, реже КО, ну и в качестве исключения если офицеров вообще нет то КВ Ну это так и было, ты же говоришь, должности сократили.."
она НЕ выкладывала скан паспорта. скан - это изображение паспорта в полный разворот. а тут мы видим лишь кусочек неизвестной бумаги,sample_9,0,False,4,0.0,1.0,0.0,0.0,Neutral,3,1,Negative,0.4707408845424652,negative,1,Negative,0.6527332663536072,negative,1,Negative,0.9372836351394653,LABEL_1,5,Positive,0.5338183045387268,1,Negative,0.5406116938681534,1,Negative,0.0,1,Negative,0.5121622649286708,1.75,2,Negative,,,,,,,,,,,она НЕ выкладывала скан паспорта. скан - это изображение паспорта в полный разворот. а тут мы видим лишь кусочек неизвестной бумаги
"А вопрос тем временем остается открытый - если она выложит хоть скан всех страниц, что вы будете делать после этого для того, чтобы ей помочь?",sample_9,1,False,4,0.0,1.0,0.0,0.0,Neutral,3,3,Neutral,0.6738916635513306,neutral,3,Neutral,0.862956166267395,negative,1,Negative,0.9462197422981262,LABEL_1,5,Positive,0.5175827145576477,3,Neutral,0.5849021662865624,3,Neutral,0.0,3,Neutral,0.7315821130206274,3.0,3,Neutral,,,,,,,,,,,"А вопрос тем временем остается открытый - если она выложит хоть скан всех страниц, что вы будете делать после этого для того, чтобы ей помочь?"
а тебе не все ли равно?,sample_9,2,False,4,0.0,1.0,0.0,0.0,Neutral,3,3,Neutral,0.796730101108551,neutral,3,Neutral,0.8845891952514648,neutral,3,Neutral,0.9495731592178345,LABEL_1,5,Positive,0.5339660048484802,3,Neutral,0.5761219876630534,3,Neutral,0.0,3,Neutral,0.589099262910798,3.25,3,Neutral,,,,,,,,,,,а тебе не все ли равно?
"Ну потому что ясен пень, что ничего. Нервы потрепите ей, почешите ЧСВ себе - и все.",sample_9,3,False,4,0.0,1.0,0.0,0.0,Neutral,3,3,Neutral,0.5695470571517944,negative,1,Negative,0.5387822985649109,negative,1,Negative,0.9280799031257629,LABEL_1,5,Positive,0.5296209454536438,3,Neutral,0.5298840322374212,3,Neutral,0.0,3,Neutral,0.47536645372567526,2.75,3,Neutral,,,,,,,,,,,"Ну потому что ясен пень, что ничего. Нервы потрепите ей, почешите ЧСВ себе - и все."
"она НЕ выкладывала скан паспорта. скан - это изображение паспорта в полный разворот. а тут мы видим лишь кусочек неизвестной бумаги А вопрос тем временем остается открытый - если она выложит хоть скан всех страниц, что вы будете делать после этого для того, чтобы ей помочь? а тебе не все ли равно? Ну потому что ясен пень, что ничего. Нервы потрепите ей, почешите ЧСВ себе - и все.",sample_9,-1,True,4,0.0,1.0,0.0,0.0,Neutral,3,1,Negative,0.47868555784225464,negative,1,Negative,0.6984149217605591,negative,1,Negative,0.999131977558136,LABEL_1,5,Positive,0.5354861617088318,3,Neutral,0.5327359991579016,3,Neutral,0.0,1,Negative,0.51,2.25,2,Negative,,,,,,,,,,,"она НЕ выкладывала скан паспорта. скан - это изображение паспорта в полный разворот. а тут мы видим лишь кусочек неизвестной бумаги А вопрос тем временем остается открытый - если она выложит хоть скан всех страниц, что вы будете делать после этого для того, чтобы ей помочь? а тебе не все ли равно? Ну потому что ясен пень, что ничего. Нервы потрепите ей, почешите ЧСВ себе - и все."
"Эх...мог бы для приличия на тысячной купюре все это дело провернуть, больше правдивости было бы.",sample_10,0,False,4,0.0,1.0,0.0,0.0,Neutral,3,3,Neutral,0.4822288453578949,neutral,3,Neutral,0.6200996041297913,negative,1,Negative,0.9828007221221924,LABEL_1,5,Positive,0.530373215675354,3,Neutral,0.7272284383926785,3,Neutral,0.0,3,Neutral,0.82,3.0,3,Neutral,,,,,,,,,,,"Эх...мог бы для приличия на тысячной купюре все это дело провернуть, больше правдивости было бы."
Причем здесь номинал купюры?,sample_10,1,False,4,0.0,1.0,0.0,0.0,Neutral,3,3,Neutral,0.6712345480918884,neutral,3,Neutral,0.9002225995063782,negative,1,Negative,0.5664270520210266,LABEL_1,5,Positive,0.5275909900665283,3,Neutral,0.5298840322374212,3,Neutral,0.0,3,Neutral,0.4753664537256753,3.0,3,Neutral,,,,,,,,,,,Причем здесь номинал купюры?
"При том, что часто ты просвечиваешь 50 рублевые купюры?",sample_10,2,False,4,0.0,1.0,0.0,0.0,Neutral,3,3,Neutral,0.6555567979812622,neutral,3,Neutral,0.7527210712432861,negative,1,Negative,0.9791688323020935,LABEL_1,5,Positive,0.5279412865638733,3,Neutral,0.6191170342804856,3,Neutral,0.0,3,Neutral,0.5508068933387219,3.0,3,Neutral,,,,,,,,,,,"При том, что часто ты просвечиваешь 50 рублевые купюры?"
Я вообще не просвечиваю купюры.,sample_10,3,False,4,0.0,1.0,0.0,0.0,Neutral,3,1,Negative,0.6058146357536316,neutral,3,Neutral,0.5956330895423889,negative,1,Negative,0.7731549143791199,LABEL_1,5,Positive,0.5382270812988281,1,Negative,0.8367806674934416,1,Negative,0.0,1,Negative,0.7246882974632265,2.0,2,Negative,,,,,,,,,,,Я вообще не просвечиваю купюры.
"Эх...мог бы для приличия на тысячной купюре все это дело провернуть, больше правдивости было бы.  Причем здесь номинал купюры? При том, что часто ты просвечиваешь 50 рублевые купюры? Я вообще не просвечиваю купюры.",sample_10,-1,True,4,0.0,1.0,0.0,0.0,Neutral,3,1,Negative,0.5476468205451965,neutral,3,Neutral,0.6209058165550232,negative,1,Negative,0.9659168124198914,LABEL_1,5,Positive,0.530877947807312,3,Neutral,0.6494691975050543,3,Neutral,0.0,1,Negative,0.59,2.5,2,Negative,,,,,,,,,,,"Эх...мог бы для приличия на тысячной купюре все это дело провернуть, больше правдивости было бы.  Причем здесь номинал купюры? При том, что часто ты просвечиваешь 50 рублевые купюры? Я вообще не просвечиваю купюры."
Где лагман хороший делают?,sample_11,0,False,4,0.0,1.0,0.0,0.0,Neutral,3,3,Neutral,0.7019060254096985,neutral,3,Neutral,0.9044529795646667,negative,1,Negative,0.87107914686203,LABEL_1,5,Positive,0.5261762142181396,5,Positive,0.9777398884888093,5,Positive,0.0,5,Positive,0.7073065543222008,3.75,4,Positive,,,,,,,,,,,Где лагман хороший делают?
Хинкальная на Химиков,sample_11,1,False,4,0.0,1.0,0.0,0.0,Neutral,3,3,Neutral,0.430219829082489,neutral,3,Neutral,0.8110643029212952,positive,5,Positive,0.6170961856842041,LABEL_1,5,Positive,0.5190871953964233,3,Neutral,0.5298840322374212,3,Neutral,0.0,3,Neutral,0.47536645372567526,3.5,4,Positive,,,,,,,,,,,Хинкальная на Химиков
"Спасибо за совет, буду знать, что у них заказать.",sample_11,2,False,4,0.0,1.0,0.0,0.0,Neutral,3,3,Neutral,0.4105322062969208,positive,5,Positive,0.8492949604988098,positive,5,Positive,0.9911275506019592,LABEL_1,5,Positive,0.5332976579666138,5,Positive,0.7407951829771054,5,Positive,0.0,3,Neutral,0.49558597754256256,4.25,4,Positive,,,,,,,,,,,"Спасибо за совет, буду знать, что у них заказать."
"Я многие блюда там пробовал, всё понравилось.",sample_11,3,False,4,0.0,1.0,0.0,0.0,Neutral,3,3,Neutral,0.44222405552864075,positive,5,Positive,0.9656288623809814,positive,5,Positive,0.993155300617218,LABEL_1,5,Positive,0.5314006209373474,5,Positive,0.4936691994964185,5,Positive,0.0,5,Positive,0.3703175808536081,4.5,4,Positive,,,,,,,,,,,"Я многие блюда там пробовал, всё понравилось."
"Где лагман хороший делают? Хинкальная на Химиков Спасибо за совет, буду знать, что у них заказать.  Я многие блюда там пробовал, всё понравилось.",sample_11,-1,True,4,0.0,1.0,0.0,0.0,Neutral,3,3,Neutral,0.5067991614341736,positive,5,Positive,0.9423468708992004,positive,5,Positive,0.9882140159606934,LABEL_1,5,Positive,0.5248347520828247,5,Positive,0.9398170433806569,5,Positive,0.0,5,Positive,0.7290411390677451,4.5,4,Positive,,,,,,,,,,,"Где лагман хороший делают? Хинкальная на Химиков Спасибо за совет, буду знать, что у них заказать.  Я многие блюда там пробовал, всё понравилось."
"Кто сказал, что это роды? Почему она без спец. одежды?",sample_12,0,False,4,0.0,1.0,0.0,0.0,Neutral,3,3,Neutral,0.6352206468582153,neutral,3,Neutral,0.6992305517196655,negative,1,Negative,0.7427371144294739,LABEL_1,5,Positive,0.5253102779388428,5,Positive,0.375775265350758,5,Positive,0.0,3,Neutral,0.663546809916141,3.5,4,Positive,,,,,,,,,,,"Кто сказал, что это роды? Почему она без спец. одежды?"
Может ещё костюм химзащиты надевать?,sample_12,1,False,4,0.0,1.0,0.0,0.0,Neutral,3,3,Neutral,0.6207826733589172,neutral,3,Neutral,0.9163333773612976,negative,1,Negative,0.6303853392601013,LABEL_1,5,Positive,0.5242407917976379,3,Neutral,0.376440808147341,3,Neutral,0.0,1,Negative,0.40999173543922707,2.75,3,Neutral,,,,,,,,,,,Может ещё костюм химзащиты надевать?
Ну как минимум халат и бахилы было бы логично,sample_12,2,False,4,0.0,1.0,0.0,0.0,Neutral,3,3,Neutral,0.5865436792373657,neutral,3,Neutral,0.7672541737556458,negative,1,Negative,0.5015056729316711,LABEL_1,5,Positive,0.5233517289161682,3,Neutral,0.6824647479755924,3,Neutral,0.0,3,Neutral,0.517104095766472,3.0,3,Neutral,,,,,,,,,,,Ну как минимум халат и бахилы было бы логично
Может ещё зеленкой обмазаться? В чем логичность то? Она же туда не лезет...,sample_12,3,False,4,0.0,1.0,0.0,0.0,Neutral,3,1,Negative,0.5503609776496887,neutral,3,Neutral,0.8498206734657288,negative,1,Negative,0.5014157295227051,LABEL_1,5,Positive,0.5315859317779541,1,Negative,0.4595636967016278,1,Negative,0.0,1,Negative,0.5264625190701129,2.0,2,Negative,,,,,,,,,,,Может ещё зеленкой обмазаться? В чем логичность то? Она же туда не лезет...
"Кто сказал, что это роды? Почему она без спец. одежды? Может ещё костюм химзащиты надевать? Ну как минимум халат и бахилы было бы логично Может ещё зеленкой обмазаться? В чем логичность то? Она же туда не лезет...",sample_12,-1,True,4,0.0,1.0,0.0,0.0,Neutral,3,1,Negative,0.5146858096122742,neutral,3,Neutral,0.7804057002067566,negative,1,Negative,0.9271596670150757,LABEL_1,5,Positive,0.5307601094245911,3,Neutral,0.3887132303749659,3,Neutral,0.0,3,Neutral,0.45,2.75,3,Neutral,,,,,,,,,,,"Кто сказал, что это роды? Почему она без спец. одежды? Может ещё костюм химзащиты надевать? Ну как минимум халат и бахилы было бы логично Может ещё зеленкой обмазаться? В чем логичность то? Она же туда не лезет..."
Да ну и что. У него борода/небритость зарешала бы!,sample_13,0,False,5,0.0,1.0,0.0,0.0,Neutral,3,3,Neutral,0.47681400179862976,neutral,3,Neutral,0.6974875926971436,neutral,3,Neutral,0.5637022256851196,LABEL_1,5,Positive,0.5246893763542175,3,Neutral,0.5298840322374212,3,Neutral,0.0,3,Neutral,0.47536645372567526,3.25,3,Neutral,,,,,,,,,,,Да ну и что. У него борода/небритость зарешала бы!
А была небритость? Что-то у тебя фантазия разыгралась...,sample_13,1,False,5,0.0,1.0,0.0,0.0,Neutral,3,1,Negative,0.47249913215637207,neutral,3,Neutral,0.8136519193649292,negative,1,Negative,0.6251775622367859,LABEL_1,5,Positive,0.5328462719917297,1,Negative,0.5143064596516006,1,Negative,0.0,3,Neutral,0.49244736804433287,2.25,2,Negative,,,,,,,,,,,А была небритость? Что-то у тебя фантазия разыгралась...
"Пашка, ну кинул бы в него мяч и убежал, хорош, че ты докапываешься..",sample_13,2,False,5,0.0,1.0,0.0,0.0,Neutral,3,3,Neutral,0.5198824405670166,neutral,3,Neutral,0.5931722521781921,neutral,3,Neutral,0.43815386295318604,LABEL_1,5,Positive,0.5389116406440735,3,Neutral,0.5298840322374212,3,Neutral,0.0,3,Neutral,0.47536645372567526,3.25,3,Neutral,,,,,,,,,,,"Пашка, ну кинул бы в него мяч и убежал, хорош, че ты докапываешься.."
Я против домыслов .,sample_13,3,False,5,0.0,1.0,0.0,0.0,Neutral,3,3,Neutral,0.46566399931907654,neutral,3,Neutral,0.6008179187774658,positive,5,Positive,0.4472174048423767,LABEL_1,5,Positive,0.5342587232589722,3,Neutral,0.46352693295037306,3,Neutral,0.0,1,Negative,0.8055977583439105,3.25,3,Neutral,,,,,,,,,,,Я против домыслов .
Да ты толерантен!! Красавчик!,sample_13,4,False,5,0.0,1.0,0.0,0.0,Neutral,3,5,Positive,0.4459664821624756,positive,5,Positive,0.9813913106918335,positive,5,Positive,0.9948551654815674,LABEL_1,5,Positive,0.5146583318710327,5,Positive,0.5392715854458812,5,Positive,0.0,5,Positive,0.894953239485087,4.75,5,Positive,,,,,,,,,,,Да ты толерантен!! Красавчик!
"Да ну и что. У него борода/небритость зарешала бы! А была небритость? Что-то у тебя фантазия разыгралась... Пашка, ну кинул бы в него мяч и убежал, хорош, че ты докапываешься.. Я против домыслов .  Да ты толерантен!! Красавчик!",sample_13,-1,True,5,0.0,1.0,0.0,0.0,Neutral,3,1,Negative,0.6238512992858887,positive,5,Positive,0.5399277806282043,neutral,3,Neutral,0.3674691617488861,LABEL_1,5,Positive,0.5196872353553772,5,Positive,0.43292413072559,5,Positive,0.0,5,Positive,0.7619495858398403,4.0,4,Positive,,,,,,,,,,,"Да ну и что. У него борода/небритость зарешала бы! А была небритость? Что-то у тебя фантазия разыгралась... Пашка, ну кинул бы в него мяч и убежал, хорош, че ты докапываешься.. Я против домыслов .  Да ты толерантен!! Красавчик!"
"Судя по автозамене, вы из Беларуси?",sample_14,0,False,4,0.0,1.0,0.0,0.0,Neutral,3,3,Neutral,0.7096413969993591,neutral,3,Neutral,0.8441162705421448,negative,1,Negative,0.5163514018058777,LABEL_1,5,Positive,0.5155338048934937,3,Neutral,0.5298840322374212,3,Neutral,0.0,3,Neutral,0.47536645372567526,3.0,3,Neutral,,,,,,,,,,,"Судя по автозамене, вы из Беларуси?"
"Не, но картофан и моя тема тоже.",sample_14,1,False,4,0.0,1.0,0.0,0.0,Neutral,3,3,Neutral,0.6064612865447998,neutral,3,Neutral,0.8123805522918701,negative,1,Negative,0.8350812792778015,LABEL_1,5,Positive,0.5312318801879883,3,Neutral,0.6722373914643951,3,Neutral,0.0,3,Neutral,0.912225141047691,3.0,3,Neutral,,,,,,,,,,,"Не, но картофан и моя тема тоже."
С такими надбавками только его и есть🤗,sample_14,2,False,4,0.0,1.0,0.0,0.0,Neutral,3,3,Neutral,0.5063011050224304,neutral,3,Neutral,0.5331392288208008,positive,5,Positive,0.6371253728866577,LABEL_1,5,Positive,0.5396955609321594,3,Neutral,0.3923342821150622,3,Neutral,0.0,5,Positive,0.95,3.75,4,Positive,,,,,,,,,,,С такими надбавками только его и есть🤗
"и макарошки же! Как та мадама советовала, которой я имя не помню",sample_14,3,False,4,0.0,1.0,0.0,0.0,Neutral,3,1,Negative,0.6458324193954468,negative,1,Negative,0.5807743072509766,positive,5,Positive,0.9884011745452881,LABEL_1,5,Positive,0.5341489911079407,3,Neutral,0.4657562544432728,3,Neutral,0.0,3,Neutral,0.49459798112806774,3.0,3,Neutral,,,,,,,,,,,"и макарошки же! Как та мадама советовала, которой я имя не помню"
"Судя по автозамене, вы из Беларуси? Не, но картофан и моя тема тоже.  С такими надбавками только его и есть🤗 и макарошки же! Как та мадама советовала, которой я имя не помню",sample_14,-1,True,4,0.0,1.0,0.0,0.0,Neutral,3,1,Negative,0.5605725049972534,neutral,3,Neutral,0.530995786190033,negative,1,Negative,0.8004786968231201,LABEL_1,5,Positive,0.5323811769485474,3,Neutral,0.5007711292237679,3,Neutral,0.0,3,Neutral,0.5009637439971675,2.75,3,Neutral,,,,,,,,,,,"Судя по автозамене, вы из Беларуси? Не, но картофан и моя тема тоже.  С такими надбавками только его и есть🤗 и макарошки же! Как та мадама советовала, которой я имя не помню"
"Угуг. Как то психолог спросил хвалили ли меня. Я поржал. Ахах, меня - хвалить? Ахах. Плак плак.",sample_15,0,False,4,0.0,1.0,0.0,0.0,Neutral,3,1,Negative,0.6171196103096008,positive,5,Positive,0.8893647789955139,negative,1,Negative,0.5719928741455078,LABEL_1,5,Positive,0.5325782895088196,3,Neutral,0.49514104327332503,3,Neutral,0.0,3,Neutral,0.4575321566803063,3.0,3,Neutral,,,,,,,,,,,"Угуг. Как то психолог спросил хвалили ли меня. Я поржал. Ахах, меня - хвалить? Ахах. Плак плак."
"Вы еще скажите, что у меня мнение свое есть...и я пойду спрошу у мамы, можно ли над вами посмеяться.",sample_15,1,False,4,0.0,1.0,0.0,0.0,Neutral,3,1,Negative,0.5230890512466431,neutral,3,Neutral,0.6983409523963928,negative,1,Negative,0.9912441968917847,LABEL_1,5,Positive,0.5397326946258545,3,Neutral,0.5946359752699386,3,Neutral,0.0,1,Negative,0.6744460918721409,2.5,2,Negative,,,,,,,,,,,"Вы еще скажите, что у меня мнение свое есть...и я пойду спрошу у мамы, можно ли над вами посмеяться."
ну хотябы не у жены,sample_15,2,False,4,0.0,1.0,0.0,0.0,Neutral,3,3,Neutral,0.44914790987968445,neutral,3,Neutral,0.5664037466049194,neutral,3,Neutral,0.8400681614875793,LABEL_1,5,Positive,0.5287627577781677,3,Neutral,0.5298840322374212,3,Neutral,0.0,3,Neutral,0.4753664537256753,3.25,3,Neutral,,,,,,,,,,,ну хотябы не у жены
Зачем мне жена?,sample_15,3,False,4,0.0,1.0,0.0,0.0,Neutral,3,3,Neutral,0.7021636962890625,neutral,3,Neutral,0.8597841858863831,negative,1,Negative,0.5935668349266052,LABEL_1,5,Positive,0.5239284038543701,3,Neutral,0.3551965364047491,5,Positive,0.0,5,Positive,0.5816591615468579,3.5,4,Positive,,,,,,,,,,,Зачем мне жена?
"Угуг. Как то психолог спросил хвалили ли меня. Я поржал. Ахах, меня - хвалить? Ахах. Плак плак.  Вы еще скажите, что у меня мнение свое есть...и я пойду спрошу у мамы, можно ли над вами посмеяться.  ну хотябы не у жены Зачем мне жена?",sample_15,-1,True,4,0.0,1.0,0.0,0.0,Neutral,3,3,Neutral,0.5418638586997986,positive,5,Positive,0.563281774520874,negative,1,Negative,0.9535639882087708,LABEL_1,5,Positive,0.5315696001052856,3,Neutral,0.4716023012861982,3,Neutral,0.0,1,Negative,0.3984272530217746,3.0,3,Neutral,,,,,,,,,,,"Угуг. Как то психолог спросил хвалили ли меня. Я поржал. Ахах, меня - хвалить? Ахах. Плак плак.  Вы еще скажите, что у меня мнение свое есть...и я пойду спрошу у мамы, можно ли над вами посмеяться.  ну хотябы не у жены Зачем мне жена?"
"Требовать вспомнить что-то многолетней давности от человека с диагнозом склероз... Давай, придумай что-нибудь еще тупее.",sample_16,0,False,4,0.0,1.0,0.0,0.0,Neutral,3,3,Neutral,0.4659534692764282,neutral,3,Neutral,0.6398322582244873,negative,1,Negative,0.9995065927505493,LABEL_1,5,Positive,0.5267769694328308,3,Neutral,0.5229534154112483,3,Neutral,0.0,3,Neutral,0.6151969005981056,3.0,3,Neutral,,,,,,,,,,,"Требовать вспомнить что-то многолетней давности от человека с диагнозом склероз... Давай, придумай что-нибудь еще тупее."
"почитай что такое рассеянный склероз и, заодно, что такое дебильность",sample_16,1,False,4,0.0,1.0,0.0,0.0,Neutral,3,1,Negative,0.41916051506996155,negative,1,Negative,0.5185344219207764,negative,1,Negative,0.9335384964942932,LABEL_1,5,Positive,0.5249264240264893,3,Neutral,0.5353159385219107,3,Neutral,0.0,3,Neutral,0.46121915342264325,2.5,2,Negative,,,,,,,,,,,"почитай что такое рассеянный склероз и, заодно, что такое дебильность"
"Изучил инфу про болячки автора темы, щас пойду почитаю про твои.",sample_16,2,False,4,0.0,1.0,0.0,0.0,Neutral,3,3,Neutral,0.5008867979049683,neutral,3,Neutral,0.9455172419548035,neutral,3,Neutral,0.8355823159217834,LABEL_1,5,Positive,0.5305325984954834,3,Neutral,0.5298840322374212,3,Neutral,0.0,3,Neutral,0.47536645372567543,3.25,3,Neutral,,,,,,,,,,,"Изучил инфу про болячки автора темы, щас пойду почитаю про твои."
"изучатель хренов, хоть понял чем РС от склероза отличается ?",sample_16,3,False,4,0.0,1.0,0.0,0.0,Neutral,3,3,Neutral,0.6715643405914307,neutral,3,Neutral,0.5205987095832825,negative,1,Negative,0.9272608160972595,LABEL_1,5,Positive,0.5198904871940613,3,Neutral,0.5298840322374212,3,Neutral,0.0,3,Neutral,0.47536645372567543,3.0,3,Neutral,,,,,,,,,,,"изучатель хренов, хоть понял чем РС от склероза отличается ?"
"Требовать вспомнить что-то многолетней давности от человека с диагнозом склероз... Давай, придумай что-нибудь еще тупее.  почитай что такое рассеянный склероз и, заодно, что такое дебильность Изучил инфу про болячки автора темы, щас пойду почитаю про твои.  изучатель хренов, хоть понял чем РС от склероза отличается ?",sample_16,-1,True,4,0.0,1.0,0.0,0.0,Neutral,3,3,Neutral,0.570855975151062,negative,1,Negative,0.5190089344978333,negative,1,Negative,0.9981085062026978,LABEL_1,5,Positive,0.5325310230255127,3,Neutral,0.5451743626458582,3,Neutral,0.0,3,Neutral,0.5807087659659959,2.75,3,Neutral,,,,,,,,,,,"Требовать вспомнить что-то многолетней давности от человека с диагнозом склероз... Давай, придумай что-нибудь еще тупее.  почитай что такое рассеянный склероз и, заодно, что такое дебильность Изучил инфу про болячки автора темы, щас пойду почитаю про твои.  изучатель хренов, хоть понял чем РС от склероза отличается ?"
Привет тебе из славного района ВАИ=.,sample_17,0,False,7,0.0,1.0,0.0,0.0,Neutral,3,3,Neutral,0.5469285249710083,positive,5,Positive,0.7109547257423401,positive,5,Positive,0.9780727028846741,LABEL_1,5,Positive,0.5330303907394409,3,Neutral,0.475873631351172,3,Neutral,0.0,1,Negative,0.527325434592912,3.5,4,Positive,,,,,,,,,,,Привет тебе из славного района ВАИ=.
"И тебе привет из славного района ВАИ, я с Туполева, а ты?",sample_17,1,False,7,0.0,1.0,0.0,0.0,Neutral,3,3,Neutral,0.6763263940811157,neutral,3,Neutral,0.6028769612312317,positive,5,Positive,0.9820399880409241,LABEL_1,5,Positive,0.5303062200546265,3,Neutral,0.475873631351172,3,Neutral,0.0,1,Negative,0.527325434592912,3.25,3,Neutral,,,,,,,,,,,"И тебе привет из славного района ВАИ, я с Туполева, а ты?"
Туполева 15б...,sample_17,2,False,7,0.0,1.0,0.0,0.0,Neutral,3,3,Neutral,0.48364517092704773,neutral,3,Neutral,0.7039810419082642,positive,5,Positive,0.8944784998893738,LABEL_1,5,Positive,0.5295969843864441,3,Neutral,0.5298840322374212,3,Neutral,0.0,3,Neutral,0.47536645372567526,3.5,4,Positive,,,,,,,,,,,Туполева 15б...
Туполева 7...,sample_17,3,False,7,0.0,1.0,0.0,0.0,Neutral,3,3,Neutral,0.4757297933101654,neutral,3,Neutral,0.7385281324386597,positive,5,Positive,0.8270955085754395,LABEL_1,5,Positive,0.5373345613479614,3,Neutral,0.5298840322374212,3,Neutral,0.0,3,Neutral,0.47536645372567526,3.5,4,Positive,,,,,,,,,,,Туполева 7...
"Ну почти соседи. Знакомы едва ли (я барышня, 31 год. , но ВАИ, как известно, та ещё деревня=.",sample_17,4,False,7,0.0,1.0,0.0,0.0,Neutral,3,3,Neutral,0.5953236818313599,neutral,3,Neutral,0.7359275817871094,positive,5,Positive,0.9420888423919678,LABEL_1,5,Positive,0.5273574590682983,3,Neutral,0.443173363594315,1,Negative,0.0,3,Neutral,0.7655790356896707,3.25,3,Neutral,,,,,,,,,,,"Ну почти соседи. Знакомы едва ли (я барышня, 31 год. , но ВАИ, как известно, та ещё деревня=."
"А мне 36 и я парень... да деревня это точно... Ты коренная? я с детства тут, учился в 30-ке",sample_17,5,False,7,0.0,1.0,0.0,0.0,Neutral,3,3,Neutral,0.45568403601646423,neutral,3,Neutral,0.6250553727149963,neutral,3,Neutral,0.6107596158981323,LABEL_1,5,Positive,0.5406755805015564,3,Neutral,0.5916752272570472,3,Neutral,0.0,3,Neutral,0.99,3.25,3,Neutral,,,,,,,,,,,"А мне 36 и я парень... да деревня это точно... Ты коренная? я с детства тут, учился в 30-ке"
"Офигеть теперь вообще. Да, коренная. Ну почти... С шести лет на ваях живу.",sample_17,6,False,7,0.0,1.0,0.0,0.0,Neutral,3,3,Neutral,0.5574679374694824,positive,5,Positive,0.40213990211486816,negative,1,Negative,0.9730550050735474,LABEL_1,5,Positive,0.5264989137649536,1,Negative,0.8367806674934416,1,Negative,0.0,1,Negative,0.7246882974632267,2.5,2,Negative,,,,,,,,,,,"Офигеть теперь вообще. Да, коренная. Ну почти... С шести лет на ваях живу."
"Привет тебе из славного района ВАИ=.  И тебе привет из славного района ВАИ, я с Туполева, а ты? Туполева 15б... Туполева 7... Ну почти соседи. Знакомы едва ли (я барышня, 31 год. , но ВАИ, как известно, та ещё деревня=.  А мне 36 и я парень... да деревня это точно... Ты коренная? я с детства тут, учился в 30-ке Офигеть теперь вообще. Да, коренная. Ну почти... С шести лет на ваях живу.",sample_17,-1,True,7,0.0,1.0,0.0,0.0,Neutral,3,3,Neutral,0.4696740210056305,positive,5,Positive,0.6061382293701172,positive,5,Positive,0.9627621173858643,LABEL_1,5,Positive,0.530705988407135,1,Negative,0.5012307652672855,1,Negative,0.0,3,Neutral,0.48,3.25,3,Neutral,,,,,,,,,,,"Привет тебе из славного района ВАИ=.  И тебе привет из славного района ВАИ, я с Туполева, а ты? Туполева 15б... Туполева 7... Ну почти соседи. Знакомы едва ли (я барышня, 31 год. , но ВАИ, как известно, та ещё деревня=.  А мне 36 и я парень... да деревня это точно... Ты коренная? я с детства тут, учился в 30-ке Офигеть теперь вообще. Да, коренная. Ну почти... С шести лет на ваях живу."
Эт факт..Религия это бизнес чаще всего,sample_18,0,False,4,0.0,1.0,0.0,0.0,Neutral,3,3,Neutral,0.41300567984580994,neutral,3,Neutral,0.800477147102356,negative,1,Negative,0.6899722218513489,LABEL_1,5,Positive,0.5141153335571289,3,Neutral,0.6627038290355406,3,Neutral,0.0,3,Neutral,0.6989410171290841,3.0,3,Neutral,,,,,,,,,,,Эт факт..Религия это бизнес чаще всего
"Для кого бизнес, а для кого иллюзия надежды",sample_18,1,False,4,0.0,1.0,0.0,0.0,Neutral,3,3,Neutral,0.48983514308929443,neutral,3,Neutral,0.7475862503051758,positive,5,Positive,0.7198414206504822,LABEL_1,5,Positive,0.5238105058670044,3,Neutral,0.4607951938191152,3,Neutral,0.0,3,Neutral,0.4237992964452355,3.5,4,Positive,,,,,,,,,,,"Для кого бизнес, а для кого иллюзия надежды"
"А этими иллюзиями торгуют, так что бизнес на иллюзиях=.",sample_18,2,False,4,0.0,1.0,0.0,0.0,Neutral,3,3,Neutral,0.5485415458679199,negative,1,Negative,0.5407499074935913,negative,1,Negative,0.9863268136978149,LABEL_1,5,Positive,0.5299322009086609,3,Neutral,0.6783593326133484,3,Neutral,0.0,3,Neutral,0.42837014180479144,2.75,3,Neutral,,,,,,,,,,,"А этими иллюзиями торгуют, так что бизнес на иллюзиях=."
Сейчас бы воздух продавать..,sample_18,3,False,4,0.0,1.0,0.0,0.0,Neutral,3,3,Neutral,0.5625522136688232,neutral,3,Neutral,0.7700076699256897,negative,1,Negative,0.7724926471710205,LABEL_1,5,Positive,0.5326803922653198,1,Negative,0.47215489064500676,1,Negative,0.0,3,Neutral,0.6214879259502489,2.5,2,Negative,,,,,,,,,,,Сейчас бы воздух продавать..
"Эт факт..Религия это бизнес чаще всего Для кого бизнес, а для кого иллюзия надежды А этими иллюзиями торгуют, так что бизнес на иллюзиях=.  Сейчас бы воздух продавать..",sample_18,-1,True,4,0.0,1.0,0.0,0.0,Neutral,3,3,Neutral,0.477272093296051,negative,1,Negative,0.6067838072776794,negative,1,Negative,0.9797026515007019,LABEL_1,5,Positive,0.5268135070800781,3,Neutral,0.4814329594408428,3,Neutral,0.0,3,Neutral,0.82,2.75,3,Neutral,,,,,,,,,,,"Эт факт..Религия это бизнес чаще всего Для кого бизнес, а для кого иллюзия надежды А этими иллюзиями торгуют, так что бизнес на иллюзиях=.  Сейчас бы воздух продавать.."
"КАК ВЫ НАХУЙ БЕСИТЕ!!! не нравится вам смотреть на это, сука, внесите теги жесть мясо кишки кровь в игнор и не ебите мозги другим",sample_19,0,False,4,0.0,1.0,0.0,0.0,Neutral,3,1,Negative,0.47572216391563416,negative,1,Negative,0.9513885378837585,negative,1,Negative,0.9983658194541931,LABEL_1,5,Positive,0.533470094203949,1,Negative,0.9212765875307809,1,Negative,0.0,1,Negative,0.74,1.75,2,Negative,,,,,,,,,,,"КАК ВЫ НАХУЙ БЕСИТЕ!!! не нравится вам смотреть на это, сука, внесите теги жесть мясо кишки кровь в игнор и не ебите мозги другим"
Чтобы на это не смотреть надо эти тэги внести в игнор? А сработает?,sample_19,1,False,4,0.0,1.0,0.0,0.0,Neutral,3,3,Neutral,0.5924040079116821,neutral,3,Neutral,0.8449655771255493,negative,1,Negative,0.9875202178955078,LABEL_1,5,Positive,0.5242384672164917,1,Negative,0.6962793138336325,1,Negative,0.0,3,Neutral,0.763598931043927,2.5,2,Negative,,,,,,,,,,,Чтобы на это не смотреть надо эти тэги внести в игнор? А сработает?
"у меня тег аниме в игноре, сработало",sample_19,2,False,4,0.0,1.0,0.0,0.0,Neutral,3,3,Neutral,0.48176562786102295,neutral,3,Neutral,0.5917568802833557,positive,5,Positive,0.3970780074596405,LABEL_1,5,Positive,0.5242429971694946,3,Neutral,0.49548966861158406,3,Neutral,0.0,5,Positive,0.3840456081350072,3.75,4,Positive,,,,,,,,,,,"у меня тег аниме в игноре, сработало"
А есть тег выключить психованных с психованными комментариями?.,sample_19,3,False,4,0.0,1.0,0.0,0.0,Neutral,3,3,Neutral,0.6257873773574829,neutral,3,Neutral,0.6620178818702698,negative,1,Negative,0.8955139517784119,LABEL_1,5,Positive,0.525061309337616,3,Neutral,0.7558863476628976,3,Neutral,0.0,3,Neutral,0.47049800603428843,3.0,3,Neutral,,,,,,,,,,,А есть тег выключить психованных с психованными комментариями?.
"КАК ВЫ НАХУЙ БЕСИТЕ!!! не нравится вам смотреть на это, сука, внесите теги жесть мясо кишки кровь в игнор и не ебите мозги другим Чтобы на это не смотреть надо эти тэги внести в игнор? А сработает? у меня тег аниме в игноре, сработало А есть тег выключить психованных с психованными комментариями?.",sample_19,-1,True,4,0.0,1.0,0.0,0.0,Neutral,3,1,Negative,0.5076491832733154,negative,1,Negative,0.8970442414283752,negative,1,Negative,0.989128053188324,LABEL_1,5,Positive,0.5327609777450562,1,Negative,0.9043344943325776,1,Negative,0.0,1,Negative,0.68,1.75,2,Negative,,,,,,,,,,,"КАК ВЫ НАХУЙ БЕСИТЕ!!! не нравится вам смотреть на это, сука, внесите теги жесть мясо кишки кровь в игнор и не ебите мозги другим Чтобы на это не смотреть надо эти тэги внести в игнор? А сработает? у меня тег аниме в игноре, сработало А есть тег выключить психованных с психованными комментариями?."
Ну тогда и Бумер ..,sample_20,0,False,4,0.0,1.0,0.0,0.0,Neutral,3,3,Neutral,0.6213017106056213,neutral,3,Neutral,0.808861494064331,negative,1,Negative,0.6497361063957214,LABEL_1,5,Positive,0.5295313000679016,3,Neutral,0.5298840322374212,3,Neutral,0.0,3,Neutral,0.4753664537256753,3.0,3,Neutral,,,,,,,,,,,Ну тогда и Бумер ..
Всё никак не пойму что в нём хорошего.,sample_20,1,False,4,0.0,1.0,0.0,0.0,Neutral,3,3,Neutral,0.5305576920509338,neutral,3,Neutral,0.8061535954475403,negative,1,Negative,0.6536001563072205,LABEL_1,5,Positive,0.5274155139923096,1,Negative,0.5194358312155124,1,Negative,0.0,1,Negative,0.4240253412925291,2.25,2,Negative,,,,,,,,,,,Всё никак не пойму что в нём хорошего.
"Я сам не смотрел, но рекомендовали мне всегда его мужики, похожие на тех, что на картинке выше..",sample_20,2,False,4,0.0,1.0,0.0,0.0,Neutral,3,3,Neutral,0.46618273854255676,neutral,3,Neutral,0.667621910572052,positive,5,Positive,0.9849862456321716,LABEL_1,5,Positive,0.5381475687026978,3,Neutral,0.5519327870184577,3,Neutral,0.0,3,Neutral,0.6368249715904409,3.5,4,Positive,,,,,,,,,,,"Я сам не смотрел, но рекомендовали мне всегда его мужики, похожие на тех, что на картинке выше.."
А я смотрел. И да. Действительно это фильм для таких вот мужиков и им сочувствующих. Не стал бы рекомендовать к просмотру:.,sample_20,3,False,4,0.0,1.0,0.0,0.0,Neutral,3,3,Neutral,0.5878573656082153,neutral,3,Neutral,0.6902835965156555,negative,1,Negative,0.922822117805481,LABEL_1,5,Positive,0.5283266305923462,5,Positive,0.5331909328096599,5,Positive,0.0,1,Negative,0.44335214672628787,3.25,3,Neutral,,,,,,,,,,,А я смотрел. И да. Действительно это фильм для таких вот мужиков и им сочувствующих. Не стал бы рекомендовать к просмотру:.
"Ну тогда и Бумер .. Всё никак не пойму что в нём хорошего.  Я сам не смотрел, но рекомендовали мне всегда его мужики, похожие на тех, что на картинке выше.. А я смотрел. И да. Действительно это фильм для таких вот мужиков и им сочувствующих. Не стал бы рекомендовать к просмотру:.",sample_20,-1,True,4,0.0,1.0,0.0,0.0,Neutral,3,3,Neutral,0.6188552975654602,neutral,3,Neutral,0.7345724105834961,negative,1,Negative,0.9904798865318298,LABEL_1,5,Positive,0.5298672318458557,1,Negative,0.47109443535718776,1,Negative,0.0,1,Negative,0.4,2.25,2,Negative,,,,,,,,,,,"Ну тогда и Бумер .. Всё никак не пойму что в нём хорошего.  Я сам не смотрел, но рекомендовали мне всегда его мужики, похожие на тех, что на картинке выше.. А я смотрел. И да. Действительно это фильм для таких вот мужиков и им сочувствующих. Не стал бы рекомендовать к просмотру:."
Интересная тема медицина - иногда напоминает некромантию.,sample_21,0,False,5,0.0,1.0,0.0,0.0,Neutral,3,3,Neutral,0.5214595794677734,neutral,3,Neutral,0.8936044573783875,positive,5,Positive,0.994495689868927,LABEL_1,5,Positive,0.5163065195083618,3,Neutral,0.7124699691598623,3,Neutral,0.0,3,Neutral,0.7777234041070317,3.5,4,Positive,,,,,,,,,,,Интересная тема медицина - иногда напоминает некромантию.
"Только работает. А некромантия, насколько я знаю, нет. Или есть свидетельства обратного?",sample_21,1,False,5,0.0,1.0,0.0,0.0,Neutral,3,3,Neutral,0.6567904949188232,negative,1,Negative,0.48877957463264465,negative,1,Negative,0.7919535636901855,LABEL_1,5,Positive,0.5277038216590881,3,Neutral,0.45983505619736054,5,Positive,0.0,3,Neutral,0.4814873775884395,3.0,3,Neutral,,,,,,,,,,,"Только работает. А некромантия, насколько я знаю, нет. Или есть свидетельства обратного?"
"Без понятия, у меня в знакомых - максимум - сатанисты.",sample_21,2,False,5,0.0,1.0,0.0,0.0,Neutral,3,3,Neutral,0.4750332236289978,neutral,3,Neutral,0.8105097413063049,negative,1,Negative,0.9395999908447266,LABEL_1,5,Positive,0.5290437340736389,1,Negative,0.49845192407036737,1,Negative,0.0,3,Neutral,0.41923598964845993,2.5,2,Negative,,,,,,,,,,,"Без понятия, у меня в знакомых - максимум - сатанисты."
И среди них нет колдунов?. Я когда-то знал одну ведьму.,sample_21,3,False,5,0.0,1.0,0.0,0.0,Neutral,3,3,Neutral,0.5210580229759216,neutral,3,Neutral,0.85825115442276,negative,1,Negative,0.7316816449165344,LABEL_1,5,Positive,0.5298873782157898,5,Positive,0.5530307996250049,5,Positive,0.0,1,Negative,0.6336216814378016,3.25,3,Neutral,,,,,,,,,,,И среди них нет колдунов?. Я когда-то знал одну ведьму.
"Всякие есть. Некромантов нет. Я сама типо правнучка ведьмы, но мозги достались сугубо рациональные.",sample_21,4,False,5,0.0,1.0,0.0,0.0,Neutral,3,3,Neutral,0.4522594213485718,neutral,3,Neutral,0.6948965787887573,positive,5,Positive,0.7230424284934998,LABEL_1,5,Positive,0.5345796346664429,3,Neutral,0.6310940061569501,3,Neutral,0.0,3,Neutral,0.4569396684939518,3.5,4,Positive,,,,,,,,,,,"Всякие есть. Некромантов нет. Я сама типо правнучка ведьмы, но мозги достались сугубо рациональные."
"Интересная тема медицина - иногда напоминает некромантию.  Только работает. А некромантия, насколько я знаю, нет. Или есть свидетельства обратного? Без понятия, у меня в знакомых - максимум - сатанисты.  И среди них нет колдунов?. Я когда-то знал одну ведьму.  Всякие есть. Некромантов нет. Я сама типо правнучка ведьмы, но мозги достались сугубо рациональные.",sample_21,-1,True,5,0.0,1.0,0.0,0.0,Neutral,3,3,Neutral,0.47671809792518616,neutral,3,Neutral,0.7572996020317078,positive,5,Positive,0.9248859286308289,LABEL_1,5,Positive,0.5327754616737366,3,Neutral,0.5171433163881197,3,Neutral,0.0,3,Neutral,0.438196370214184,3.5,4,Positive,,,,,,,,,,,"Интересная тема медицина - иногда напоминает некромантию.  Только работает. А некромантия, насколько я знаю, нет. Или есть свидетельства обратного? Без понятия, у меня в знакомых - максимум - сатанисты.  И среди них нет колдунов?. Я когда-то знал одну ведьму.  Всякие есть. Некромантов нет. Я сама типо правнучка ведьмы, но мозги достались сугубо рациональные."
Валентина Терешкова предложила обнулить президентские сроки. А обнулились мозги борцов с режимом,sample_22,0,False,4,0.0,1.0,0.0,0.0,Neutral,3,1,Negative,0.5514004230499268,neutral,3,Neutral,0.684160590171814,negative,1,Negative,0.9952150583267212,LABEL_1,5,Positive,0.5231186151504517,3,Neutral,0.4356166882127646,3,Neutral,0.0,3,Neutral,0.7802175058971785,2.75,3,Neutral,,,,,,,,,,,Валентина Терешкова предложила обнулить президентские сроки. А обнулились мозги борцов с режимом
"Да не Терешкова это предложила! Она всего лишь озвучила. Те правки, что ввели в Конституцию, уже автоматически обнуляют президентский срок.",sample_22,1,False,4,0.0,1.0,0.0,0.0,Neutral,3,1,Negative,0.6204698085784912,neutral,3,Neutral,0.7845773100852966,negative,1,Negative,0.9894047975540161,LABEL_1,5,Positive,0.5281111001968384,1,Negative,0.496263106273499,5,Positive,0.0,3,Neutral,0.78,2.75,3,Neutral,,,,,,,,,,,"Да не Терешкова это предложила! Она всего лишь озвучила. Те правки, что ввели в Конституцию, уже автоматически обнуляют президентский срок."
Лучше бы кредиты всем обнулили.,sample_22,2,False,4,0.0,1.0,0.0,0.0,Neutral,3,3,Neutral,0.4990784823894501,neutral,3,Neutral,0.8199130296707153,negative,1,Negative,0.9427903294563293,LABEL_1,5,Positive,0.5343815088272095,3,Neutral,0.5298840322374212,3,Neutral,0.0,3,Neutral,0.47536645372567526,3.0,3,Neutral,,,,,,,,,,,Лучше бы кредиты всем обнулили.
Вы на святое-то не замахивайтесь!,sample_22,3,False,4,0.0,1.0,0.0,0.0,Neutral,3,1,Negative,0.6278883218765259,positive,5,Positive,0.7665035724639893,negative,1,Negative,0.842132568359375,LABEL_1,5,Positive,0.5294063091278076,3,Neutral,0.5298840322374212,3,Neutral,0.0,3,Neutral,0.4753664537256753,3.0,3,Neutral,,,,,,,,,,,Вы на святое-то не замахивайтесь!
"Валентина Терешкова предложила обнулить президентские сроки. А обнулились мозги борцов с режимом Да не Терешкова это предложила! Она всего лишь озвучила. Те правки, что ввели в Конституцию, уже автоматически обнуляют президентский срок.  Лучше бы кредиты всем обнулили.  Вы на святое-то не замахивайтесь!",sample_22,-1,True,4,0.0,1.0,0.0,0.0,Neutral,3,1,Negative,0.6225458383560181,neutral,3,Neutral,0.6807218790054321,negative,1,Negative,0.9971235394477844,LABEL_1,5,Positive,0.524004340171814,1,Negative,0.5353094639207697,1,Negative,0.0,3,Neutral,0.8,2.25,2,Negative,,,,,,,,,,,"Валентина Терешкова предложила обнулить президентские сроки. А обнулились мозги борцов с режимом Да не Терешкова это предложила! Она всего лишь озвучила. Те правки, что ввели в Конституцию, уже автоматически обнуляют президентский срок.  Лучше бы кредиты всем обнулили.  Вы на святое-то не замахивайтесь!"
"Прочитал «Сталкер» Скоро новая часть, все мысли о нем :/",sample_23,0,False,4,0.231,0.769,0.0,-0.34,Negative,1,3,Neutral,0.6020295023918152,neutral,3,Neutral,0.9066722989082336,negative,1,Negative,0.9169327616691589,LABEL_1,5,Positive,0.5156644582748413,3,Neutral,0.6060764393511026,3,Neutral,0.0,3,Neutral,0.8925728419944634,2.75,3,Neutral,,,,,,,,,,,"Прочитал «Сталкер» Скоро новая часть, все мысли о нем :/"
Скоро забыл в кавычки загань,sample_23,1,False,4,0.0,1.0,0.0,0.0,Neutral,3,3,Neutral,0.43844419717788696,neutral,3,Neutral,0.8635801076889038,neutral,3,Neutral,0.7790171504020691,LABEL_1,5,Positive,0.512755811214447,3,Neutral,0.542003944397802,3,Neutral,0.0,3,Neutral,0.6741239814614076,3.25,3,Neutral,,,,,,,,,,,Скоро забыл в кавычки загань
Извиняюсь за свою оплошность,sample_23,2,False,4,0.0,1.0,0.0,0.0,Neutral,3,1,Negative,0.4382643699645996,neutral,3,Neutral,0.7673901319503784,positive,5,Positive,0.6663951873779297,LABEL_1,5,Positive,0.5197961926460266,3,Neutral,0.5298840322374212,3,Neutral,0.0,3,Neutral,0.4753664537256753,3.25,3,Neutral,,,,,,,,,,,Извиняюсь за свою оплошность
и это низменное извиняюсь поправить! благородные доны так не говорят.,sample_23,3,False,4,0.0,1.0,0.0,0.0,Neutral,3,1,Negative,0.5640419125556946,neutral,3,Neutral,0.53940349817276,negative,1,Negative,0.7223710417747498,LABEL_1,5,Positive,0.5365099906921387,1,Negative,0.5386017654757874,1,Negative,0.0,3,Neutral,0.7664223123193835,2.25,2,Negative,,,,,,,,,,,и это низменное извиняюсь поправить! благородные доны так не говорят.
"Прочитал «Сталкер» Скоро новая часть, все мысли о нем :/ Скоро забыл в кавычки загань Извиняюсь за свою оплошность и это низменное извиняюсь поправить! благородные доны так не говорят.",sample_23,-1,True,4,0.097,0.903,0.0,-0.4003,Negative,1,1,Negative,0.49923452734947205,neutral,3,Neutral,0.616267740726471,negative,1,Negative,0.7082481384277344,LABEL_1,5,Positive,0.5198723077774048,3,Neutral,0.3908268857912076,1,Negative,0.0,3,Neutral,0.9366478532737122,2.25,2,Negative,,,,,,,,,,,"Прочитал «Сталкер» Скоро новая часть, все мысли о нем :/ Скоро забыл в кавычки загань Извиняюсь за свою оплошность и это низменное извиняюсь поправить! благородные доны так не говорят."
"Именно по этому, мне больше нравиться в этом плане США.",sample_24,0,False,4,0.0,1.0,0.0,0.0,Neutral,3,3,Neutral,0.5767711997032166,positive,5,Positive,0.8373260498046875,positive,5,Positive,0.9485247731208801,LABEL_1,5,Positive,0.5234949588775635,5,Positive,0.7687811531464112,5,Positive,0.0,5,Positive,0.7636818231744081,4.5,4,Positive,,,,,,,,,,,"Именно по этому, мне больше нравиться в этом плане США."
"Ага, то то в последнее время довольные американцы копов отстреливают.",sample_24,1,False,4,0.0,1.0,0.0,0.0,Neutral,3,3,Neutral,0.4827982485294342,negative,1,Negative,0.697007417678833,negative,1,Negative,0.8863212466239929,LABEL_1,5,Positive,0.5232419967651367,3,Neutral,0.5187210820247231,3,Neutral,0.0,3,Neutral,0.6340499220275062,2.75,3,Neutral,,,,,,,,,,,"Ага, то то в последнее время довольные американцы копов отстреливают."
Американцы или кучка blmовских расистов?,sample_24,2,False,4,0.0,1.0,0.0,0.0,Neutral,3,3,Neutral,0.7584584355354309,neutral,3,Neutral,0.7522984743118286,negative,1,Negative,0.9949796795845032,LABEL_1,5,Positive,0.516370952129364,3,Neutral,0.5298840322374212,3,Neutral,0.0,3,Neutral,0.47536645372567526,3.0,3,Neutral,,,,,,,,,,,Американцы или кучка blmовских расистов?
А они не американцы? В Фергюсоне бурление было довольно масштабным,sample_24,3,False,4,0.0,1.0,0.0,0.0,Neutral,3,3,Neutral,0.4704543650150299,neutral,3,Neutral,0.7002936005592346,negative,1,Negative,0.7507035136222839,LABEL_1,5,Positive,0.5176522135734558,3,Neutral,0.8142942873605874,3,Neutral,0.0,3,Neutral,0.5638238483760837,3.0,3,Neutral,,,,,,,,,,,А они не американцы? В Фергюсоне бурление было довольно масштабным
"Именно по этому, мне больше нравиться в этом плане США.  Ага, то то в последнее время довольные американцы копов отстреливают.  Американцы или кучка blmовских расистов? А они не американцы? В Фергюсоне бурление было довольно масштабным",sample_24,-1,True,4,0.0,1.0,0.0,0.0,Neutral,3,3,Neutral,0.4752630591392517,negative,1,Negative,0.48959094285964966,positive,5,Positive,0.75620037317276,LABEL_0,1,Negative,0.5066748261451721,5,Positive,0.5824884813788346,5,Positive,0.0,5,Positive,0.6851375252250008,3.5,4,Positive,,,,,,,,,,,"Именно по этому, мне больше нравиться в этом плане США.  Ага, то то в последнее время довольные американцы копов отстреливают.  Американцы или кучка blmовских расистов? А они не американцы? В Фергюсоне бурление было довольно масштабным"
"думаю, что могу.",sample_25,0,False,5,0.0,1.0,0.0,0.0,Neutral,3,3,Neutral,0.48499852418899536,neutral,3,Neutral,0.6256310343742371,positive,5,Positive,0.9050306677818298,LABEL_1,5,Positive,0.5381855964660645,3,Neutral,0.5298840322374212,3,Neutral,0.0,3,Neutral,0.4753664537256753,3.5,4,Positive,,,,,,,,,,,"думаю, что могу."
а в каком городе проживаете?,sample_25,1,False,5,0.0,1.0,0.0,0.0,Neutral,3,3,Neutral,0.7670732736587524,neutral,3,Neutral,0.870590329170227,neutral,3,Neutral,0.951398491859436,LABEL_1,5,Positive,0.5251110196113586,3,Neutral,0.5298840322374212,3,Neutral,0.0,3,Neutral,0.47536645372567543,3.25,3,Neutral,,,,,,,,,,,а в каком городе проживаете?
Кемерово,sample_25,2,False,5,0.0,1.0,0.0,0.0,Neutral,3,3,Neutral,0.4157407879829407,neutral,3,Neutral,0.8239434957504272,positive,5,Positive,0.8604153394699097,LABEL_1,5,Positive,0.5299921035766602,3,Neutral,0.5298840322374212,3,Neutral,0.0,3,Neutral,0.47536645372567526,3.5,4,Positive,,,,,,,,,,,Кемерово
"эхх, далеко((",sample_25,3,False,5,0.0,1.0,0.0,0.0,Neutral,3,1,Negative,0.5484803915023804,neutral,3,Neutral,0.5051970481872559,neutral,3,Neutral,0.7971377968788147,LABEL_1,5,Positive,0.5263692736625671,3,Neutral,0.6798359626646404,3,Neutral,0.0,1,Negative,0.5618542212941577,2.75,3,Neutral,,,,,,,,,,,"эхх, далеко(("
"вы подождите, пока сделаю свой ноут и выложу длинопост с новой работой. Может и расстояние покажется несущественным..",sample_25,4,False,5,0.0,1.0,0.0,0.0,Neutral,3,3,Neutral,0.4019247591495514,neutral,3,Neutral,0.8108565807342529,neutral,3,Neutral,0.4126231074333191,LABEL_1,5,Positive,0.5311192274093628,3,Neutral,0.5543680085227601,3,Neutral,0.0,1,Negative,0.7472831877436569,3.0,3,Neutral,,,,,,,,,,,"вы подождите, пока сделаю свой ноут и выложу длинопост с новой работой. Может и расстояние покажется несущественным.."
"думаю, что могу.  а в каком городе проживаете? Кемерово эхх, далеко(( вы подождите, пока сделаю свой ноут и выложу длинопост с новой работой. Может и расстояние покажется несущественным..",sample_25,-1,True,5,0.0,1.0,0.0,0.0,Neutral,3,1,Negative,0.45520105957984924,neutral,3,Neutral,0.6590850949287415,positive,5,Positive,0.48903322219848633,LABEL_1,5,Positive,0.5273112058639526,3,Neutral,0.6551082568353872,3,Neutral,0.0,1,Negative,0.5700422704902969,3.0,3,Neutral,,,,,,,,,,,"думаю, что могу.  а в каком городе проживаете? Кемерово эхх, далеко(( вы подождите, пока сделаю свой ноут и выложу длинопост с новой работой. Может и расстояние покажется несущественным.."
Где ты старый добрый гарлем шейк...,sample_26,0,False,4,0.0,1.0,0.0,0.0,Neutral,3,3,Neutral,0.595012366771698,neutral,3,Neutral,0.7137592434883118,negative,1,Negative,0.9587429761886597,LABEL_1,5,Positive,0.5415935516357422,3,Neutral,0.6454872569916627,3,Neutral,0.0,3,Neutral,0.6136756197235881,3.0,3,Neutral,,,,,,,,,,,Где ты старый добрый гарлем шейк...
Единственный танец который я могла танцевать :с,sample_26,1,False,4,0.0,1.0,0.0,0.0,Neutral,3,3,Neutral,0.4238560199737549,neutral,3,Neutral,0.4896088242530823,negative,1,Negative,0.4800032079219818,LABEL_1,5,Positive,0.5182756781578064,1,Negative,0.386812113362424,5,Positive,0.0,3,Neutral,0.61,3.0,3,Neutral,,,,,,,,,,,Единственный танец который я могла танцевать :с
"ну хз, я в свое время разрывал танцпол танцем маленьких утят",sample_26,2,False,4,0.0,1.0,0.0,0.0,Neutral,3,3,Neutral,0.4474775195121765,neutral,3,Neutral,0.5961127877235413,neutral,3,Neutral,0.4810444414615631,LABEL_1,5,Positive,0.5361360907554626,3,Neutral,0.5175585356330085,3,Neutral,0.0,3,Neutral,0.98,3.25,3,Neutral,,,,,,,,,,,"ну хз, я в свое время разрывал танцпол танцем маленьких утят"
"...разрывал напополам. И все расходились от тебя, как от прокаженного.",sample_26,3,False,4,0.0,1.0,0.0,0.0,Neutral,3,3,Neutral,0.5590642690658569,negative,1,Negative,0.5866127610206604,negative,1,Negative,0.8136051297187805,LABEL_1,5,Positive,0.5278167724609375,3,Neutral,0.5298840322374212,3,Neutral,0.0,3,Neutral,0.47536645372567543,2.75,3,Neutral,,,,,,,,,,,"...разрывал напополам. И все расходились от тебя, как от прокаженного."
"Где ты старый добрый гарлем шейк... Единственный танец который я могла танцевать :с ну хз, я в свое время разрывал танцпол танцем маленьких утят ...разрывал напополам. И все расходились от тебя, как от прокаженного.",sample_26,-1,True,4,0.0,1.0,0.0,0.0,Neutral,3,3,Neutral,0.6132309436798096,negative,1,Negative,0.529381275177002,negative,1,Negative,0.9738256335258484,LABEL_1,5,Positive,0.5300215482711792,3,Neutral,0.345048768674138,1,Negative,0.0,3,Neutral,0.5151748595198256,2.5,2,Negative,,,,,,,,,,,"Где ты старый добрый гарлем шейк... Единственный танец который я могла танцевать :с ну хз, я в свое время разрывал танцпол танцем маленьких утят ...разрывал напополам. И все расходились от тебя, как от прокаженного."
Ей же лет 13 О. О,sample_27,0,False,4,0.0,1.0,0.0,0.0,Neutral,3,3,Neutral,0.4292539656162262,neutral,3,Neutral,0.7121257185935974,neutral,3,Neutral,0.7000075578689575,LABEL_1,5,Positive,0.521030604839325,3,Neutral,0.5298840322374212,3,Neutral,0.0,3,Neutral,0.47536645372567526,3.25,3,Neutral,,,,,,,,,,,Ей же лет 13 О. О
Значительно больше . А плоха это не ошибка а такой стиль письма .,sample_27,1,False,4,0.0,1.0,0.0,0.0,Neutral,3,1,Negative,0.571213960647583,neutral,3,Neutral,0.6455263495445251,negative,1,Negative,0.8327405452728271,LABEL_1,5,Positive,0.525413453578949,3,Neutral,0.7112688439772565,3,Neutral,0.0,3,Neutral,0.79,2.75,3,Neutral,,,,,,,,,,,Значительно больше . А плоха это не ошибка а такой стиль письма .
"Ну факт остаётся фактом стиль письма у неё, поступки и реакция как у 12-летней девочки",sample_27,2,False,4,0.0,1.0,0.0,0.0,Neutral,3,1,Negative,0.41679972410202026,neutral,3,Neutral,0.7940097451210022,negative,1,Negative,0.8843492269515991,LABEL_1,5,Positive,0.514504611492157,3,Neutral,0.5851952779796618,3,Neutral,0.0,3,Neutral,0.5140254561133236,2.75,3,Neutral,,,,,,,,,,,"Ну факт остаётся фактом стиль письма у неё, поступки и реакция как у 12-летней девочки"
"Это не возрасты, а стиль жизни. Как говориться - такое не лечится.",sample_27,3,False,4,0.0,1.0,0.0,0.0,Neutral,3,1,Negative,0.650056779384613,neutral,3,Neutral,0.7417111992835999,positive,5,Positive,0.837670624256134,LABEL_1,5,Positive,0.5303077697753906,3,Neutral,0.6357142661328302,3,Neutral,0.0,3,Neutral,0.6929325781558852,3.25,3,Neutral,,,,,,,,,,,"Это не возрасты, а стиль жизни. Как говориться - такое не лечится."
"Ей же лет 13 О. О Значительно больше . А плоха это не ошибка а такой стиль письма .  Ну факт остаётся фактом стиль письма у неё, поступки и реакция как у 12-летней девочки Это не возрасты, а стиль жизни. Как говориться - такое не лечится.",sample_27,-1,True,4,0.0,1.0,0.0,0.0,Neutral,3,3,Neutral,0.4849660396575928,neutral,3,Neutral,0.5743234753608704,negative,1,Negative,0.9768815636634827,LABEL_1,5,Positive,0.5201867818832397,3,Neutral,0.6514065752464745,3,Neutral,0.0,3,Neutral,0.6448582071215054,3.0,3,Neutral,,,,,,,,,,,"Ей же лет 13 О. О Значительно больше . А плоха это не ошибка а такой стиль письма .  Ну факт остаётся фактом стиль письма у неё, поступки и реакция как у 12-летней девочки Это не возрасты, а стиль жизни. Как говориться - такое не лечится."
"Там регулярной армии хватит, чтобы отвадить любые поползновения в сторону нашего полуострова.",sample_28,0,False,4,0.0,1.0,0.0,0.0,Neutral,3,3,Neutral,0.5701184868812561,neutral,3,Neutral,0.7616983652114868,positive,5,Positive,0.9954055547714233,LABEL_1,5,Positive,0.5132321715354919,3,Neutral,0.5298840322374212,3,Neutral,0.0,3,Neutral,0.47536645372567543,3.5,4,Positive,,,,,,,,,,,"Там регулярной армии хватит, чтобы отвадить любые поползновения в сторону нашего полуострова."
"Причём хватит уже того, что есть в самом Крыму.",sample_28,1,False,4,0.0,1.0,0.0,0.0,Neutral,3,3,Neutral,0.517589271068573,neutral,3,Neutral,0.7760679721832275,negative,1,Negative,0.986343502998352,LABEL_1,5,Positive,0.5207482576370239,1,Negative,0.5106647769699323,1,Negative,0.0,3,Neutral,0.8326131110053275,2.5,2,Negative,,,,,,,,,,,"Причём хватит уже того, что есть в самом Крыму."
"Да, там вполне самодостаточная группа войск. На руинцев их хватит с лихвой.",sample_28,2,False,4,0.0,1.0,0.0,0.0,Neutral,3,3,Neutral,0.5930987000465393,neutral,3,Neutral,0.7137231230735779,positive,5,Positive,0.9956470131874084,LABEL_1,5,Positive,0.523017406463623,3,Neutral,0.7875913316724206,3,Neutral,0.0,3,Neutral,0.5393595011841343,3.5,4,Positive,,,,,,,,,,,"Да, там вполне самодостаточная группа войск. На руинцев их хватит с лихвой."
Это еще руинцев найти нужно будет. В любом случае военный действия это плохо. Это только рассуждать возле монитора хорошо как оно стрелять и убивать.,sample_28,3,False,4,0.0,1.0,0.0,0.0,Neutral,3,1,Negative,0.45513930916786194,negative,1,Negative,0.6022517681121826,negative,1,Negative,0.8258834481239319,LABEL_1,5,Positive,0.5240991711616516,3,Neutral,0.5351599218572943,3,Neutral,0.0,3,Neutral,0.7,2.5,2,Negative,,,,,,,,,,,Это еще руинцев найти нужно будет. В любом случае военный действия это плохо. Это только рассуждать возле монитора хорошо как оно стрелять и убивать.
"Там регулярной армии хватит, чтобы отвадить любые поползновения в сторону нашего полуострова.  Причём хватит уже того, что есть в самом Крыму.  Да, там вполне самодостаточная группа войск. На руинцев их хватит с лихвой.  Это еще руинцев найти нужно будет. В любом случае военный действия это плохо. Это только рассуждать возле монитора хорошо как оно стрелять и убивать.",sample_28,-1,True,4,0.0,1.0,0.0,0.0,Neutral,3,3,Neutral,0.5392614006996155,neutral,3,Neutral,0.635933518409729,negative,1,Negative,0.7960681319236755,LABEL_1,5,Positive,0.5249183773994446,3,Neutral,0.6342003960922851,3,Neutral,0.0,3,Neutral,0.6948582071215054,3.0,3,Neutral,,,,,,,,,,,"Там регулярной армии хватит, чтобы отвадить любые поползновения в сторону нашего полуострова.  Причём хватит уже того, что есть в самом Крыму.  Да, там вполне самодостаточная группа войск. На руинцев их хватит с лихвой.  Это еще руинцев найти нужно будет. В любом случае военный действия это плохо. Это только рассуждать возле монитора хорошо как оно стрелять и убивать."
А типа в указанных районах ввели режим АТО или как?,sample_29,0,False,4,0.0,1.0,0.0,0.0,Neutral,3,3,Neutral,0.6642556190490723,neutral,3,Neutral,0.7823470234870911,negative,1,Negative,0.9742461442947388,LABEL_1,5,Positive,0.5183218121528625,3,Neutral,0.6207743968109604,3,Neutral,0.0,3,Neutral,0.5312663859199921,3.0,3,Neutral,,,,,,,,,,,А типа в указанных районах ввели режим АТО или как?
Типа вдоль границы шныряет более чем дохуя народу с оружием. Причём отдельные из шныряющих не отличаются адекватностью. А по сути твой пост - вброс.,sample_29,1,False,4,0.0,1.0,0.0,0.0,Neutral,3,3,Neutral,0.5276159644126892,neutral,3,Neutral,0.607565701007843,negative,1,Negative,0.9983912110328674,LABEL_1,5,Positive,0.5293514728546143,3,Neutral,0.612171338166858,3,Neutral,0.0,3,Neutral,0.7292438876217571,3.0,3,Neutral,,,,,,,,,,,Типа вдоль границы шныряет более чем дохуя народу с оружием. Причём отдельные из шныряющих не отличаются адекватностью. А по сути твой пост - вброс.
"Мой пост вопрос, по сути вопрос, а не вброс .",sample_29,2,False,4,0.0,1.0,0.0,0.0,Neutral,3,3,Neutral,0.544770359992981,neutral,3,Neutral,0.8640332818031311,negative,1,Negative,0.5341562628746033,LABEL_1,5,Positive,0.528090238571167,3,Neutral,0.7012762395945281,3,Neutral,0.0,3,Neutral,0.8395717462392663,3.0,3,Neutral,,,,,,,,,,,"Мой пост вопрос, по сути вопрос, а не вброс ."
Российские десантники заблудились.....Охуенный вопрос. Знак вопроса теперь так . выглядит?,sample_29,3,False,4,0.0,1.0,0.0,0.0,Neutral,3,3,Neutral,0.6298699378967285,neutral,3,Neutral,0.5606622099876404,negative,1,Negative,0.9681124091148376,LABEL_1,5,Positive,0.5219852328300476,3,Neutral,0.6844596278915327,3,Neutral,0.0,3,Neutral,0.869869402414925,3.0,3,Neutral,,,,,,,,,,,Российские десантники заблудились.....Охуенный вопрос. Знак вопроса теперь так . выглядит?
"А типа в указанных районах ввели режим АТО или как? Типа вдоль границы шныряет более чем дохуя народу с оружием. Причём отдельные из шныряющих не отличаются адекватностью. А по сути твой пост - вброс.  Мой пост вопрос, по сути вопрос, а не вброс .  Российские десантники заблудились.....Охуенный вопрос. Знак вопроса теперь так . выглядит?",sample_29,-1,True,4,0.0,1.0,0.0,0.0,Neutral,3,3,Neutral,0.571803629398346,neutral,3,Neutral,0.64377361536026,negative,1,Negative,0.9916272163391113,LABEL_1,5,Positive,0.5226000547409058,3,Neutral,0.7350012854002255,3,Neutral,0.0,3,Neutral,0.7847519384585488,3.0,3,Neutral,,,,,,,,,,,"А типа в указанных районах ввели режим АТО или как? Типа вдоль границы шныряет более чем дохуя народу с оружием. Причём отдельные из шныряющих не отличаются адекватностью. А по сути твой пост - вброс.  Мой пост вопрос, по сути вопрос, а не вброс .  Российские десантники заблудились.....Охуенный вопрос. Знак вопроса теперь так . выглядит?"
