text,dialog_id,message_index
Катали на такой. Свободного ляма говоришь не было? А ежемесячно на заправки сколько бы уходило не прикидывал? ...,sample_1,0
а расход у неё какой?,sample_1,1
"Написано 290л бак, запас хода 750км, ну в среднем 39л на сотню",sample_1,2
Карб от Москвича и норм :. ,sample_1,3
"Можно же сделать на один глаз, не? Нафига тебе супер-зрение на обоих?",sample_2,0
А потом ходить так? ..,sample_2,1
У меня повышенная светобоязнь. Если на улице ярко - двумя глазами смотреть невозможно. Поэтому примерно так и хожу :C,sample_2,2
А в чем причина? Ходил к врачу?,sample_2,3
"Ставят коньюктивит. Хотя глаза не болят, не слезятся и не гноятся. Наследственность от отца, у сестры тоже такое есть, но в меньшей степени",sample_2,4
Может ты ещё и баночку со звёздочкой с первого раза открываешь? Что ты такое?,sample_3,0
Хотите сказать что её открывать нужно? Её вроде просто прикладываешь куда нужно и всё. ,sample_3,1
"Так то и чупа-чупс можно с обёрткой рассосать, если не снимается.... ",sample_3,2
Да и на дольше хватит!,sample_3,3
"Видимо имелось ввиду не щенки, а щенята",sample_4,0
А котята тогда как по другому? Котенки?...,sample_4,1
"Котодети, видать",sample_4,2
"Кошкодети(мужика на моей аве загуглите, забавно про них сказал :D. ",sample_4,3
"Да-да. я с этого видео и взял, просто подзабыл. ",sample_4,4
"Коментарии можно сохранять!?? охренеть, спасибо чувак",sample_5,0
"Спасибо что сказал что кмменты можно сохранять, сохранил. Пригодиться!",sample_5,1
Что сделаЕТ? ПригодиТСЯ ...,sample_5,2
я двоечник :. ,sample_5,3
грустно...,sample_6,0
"А если одинаково стоили бы, то уже веселее?. ",sample_6,1
"Продам ВАЗ-2112, или обменяю на фару от Порше Кайенн; с моей доплатой",sample_6,2
хочешь потрогать мой порше?,sample_6,3
"Тоже не понимаю, откуда эти стандарты за 5 лет машина должна пробежать овер 80к км. ",sample_7,0
Смотря какой город. У меня в Екатеринбурге за 1 год и 4 месяца получилось 30 тыс км. Езда на работу и домой плюс магазины. ,sample_7,1
У меня в Екатеринбурге у коллеги пробег 13тыс за 5 лет. ,sample_7,2
значит у вас разные Екатеринбурги,sample_7,3
"да нет, просто живет рядом с работой, в основном пешком ходит, а авто нужен чтоб с ребенком до больницы доехать или раз в неделю за продуктами. ",sample_7,4
у меня пробег почти за 3 года около 4 тысяч. водитель выходного дня =. ,sample_7,5
Да уж... видимо старенькая статейка сейчас больше половины погон изменено...,sample_8,0
А прапоров разве не того?,sample_8,1
"Того сделали с должностями прапоров попросту упразнили, а звание как было так и есть. ",sample_8,2
а прапора нынче должности КВ занимают? или ЗКР Я просто свое в 2007 году отслужил. ,sample_8,3
"В основном должности старшин роты, реже КО, ну и в качестве исключения если офицеров вообще нет то КВ",sample_8,4
"Ну это так и было, ты же говоришь, должности сократили..",sample_8,5
она НЕ выкладывала скан паспорта. скан - это изображение паспорта в полный разворот. а тут мы видим лишь кусочек неизвестной бумаги,sample_9,0
"А вопрос тем временем остается открытый - если она выложит хоть скан всех страниц, что вы будете делать после этого для того, чтобы ей помочь?",sample_9,1
а тебе не все ли равно?,sample_9,2
"Ну потому что ясен пень, что ничего. Нервы потрепите ей, почешите ЧСВ себе - и все. ",sample_9,3
"Эх...мог бы для приличия на тысячной купюре все это дело провернуть, больше правдивости было бы. ",sample_10,0
Причем здесь номинал купюры?,sample_10,1
"При том, что часто ты просвечиваешь 50 рублевые купюры?",sample_10,2
Я вообще не просвечиваю купюры. ,sample_10,3
Где лагман хороший делают?,sample_11,0
Хинкальная на Химиков,sample_11,1
"Спасибо за совет, буду знать, что у них заказать. ",sample_11,2
"Я многие блюда там пробовал, всё понравилось. ",sample_11,3
"Кто сказал, что это роды? Почему она без спец. одежды?",sample_12,0
Может ещё костюм химзащиты надевать?,sample_12,1
Ну как минимум халат и бахилы было бы логично,sample_12,2
Может ещё зеленкой обмазаться? В чем логичность то? Она же туда не лезет...,sample_12,3
Да ну и что. У него борода/небритость зарешала бы!,sample_13,0
А была небритость? Что-то у тебя фантазия разыгралась...,sample_13,1
"Пашка, ну кинул бы в него мяч и убежал, хорош, че ты докапываешься..",sample_13,2
Я против домыслов . ,sample_13,3
Да ты толерантен!! Красавчик!,sample_13,4
"Судя по автозамене, вы из Беларуси?",sample_14,0
"Не, но картофан и моя тема тоже. ",sample_14,1
С такими надбавками только его и есть🤗,sample_14,2
"и макарошки же! Как та мадама советовала, которой я имя не помню",sample_14,3
"Угуг. Как то психолог спросил хвалили ли меня. Я поржал. Ахах, меня - хвалить? Ахах. Плак плак. ",sample_15,0
"Вы еще скажите, что у меня мнение свое есть...и я пойду спрошу у мамы, можно ли над вами посмеяться. ",sample_15,1
ну хотябы не у жены,sample_15,2
Зачем мне жена?,sample_15,3
"Требовать вспомнить что-то многолетней давности от человека с диагнозом склероз... Давай, придумай что-нибудь еще тупее. ",sample_16,0
"почитай что такое рассеянный склероз и, заодно, что такое дебильность",sample_16,1
"Изучил инфу про болячки автора темы, щас пойду почитаю про твои. ",sample_16,2
"изучатель хренов, хоть понял чем РС от склероза отличается ?",sample_16,3
Привет тебе из славного района ВАИ=. ,sample_17,0
"И тебе привет из славного района ВАИ, я с Туполева, а ты?",sample_17,1
Туполева 15б...,sample_17,2
Туполева 7...,sample_17,3
"Ну почти соседи. Знакомы едва ли (я барышня, 31 год. , но ВАИ, как известно, та ещё деревня=. ",sample_17,4
"А мне 36 и я парень... да деревня это точно... Ты коренная? я с детства тут, учился в 30-ке",sample_17,5
"Офигеть теперь вообще. Да, коренная. Ну почти... С шести лет на ваях живу. ",sample_17,6
Эт факт..Религия это бизнес чаще всего,sample_18,0
"Для кого бизнес, а для кого иллюзия надежды",sample_18,1
"А этими иллюзиями торгуют, так что бизнес на иллюзиях=. ",sample_18,2
Сейчас бы воздух продавать..,sample_18,3
"КАК ВЫ НАХУЙ БЕСИТЕ!!! не нравится вам смотреть на это, сука, внесите теги жесть мясо кишки кровь в игнор и не ебите мозги другим",sample_19,0
Чтобы на это не смотреть надо эти тэги внести в игнор? А сработает?,sample_19,1
"у меня тег аниме в игноре, сработало",sample_19,2
А есть тег выключить психованных с психованными комментариями?. ,sample_19,3
Ну тогда и Бумер ..,sample_20,0
Всё никак не пойму что в нём хорошего. ,sample_20,1
"Я сам не смотрел, но рекомендовали мне всегда его мужики, похожие на тех, что на картинке выше..",sample_20,2
А я смотрел. И да. Действительно это фильм для таких вот мужиков и им сочувствующих. Не стал бы рекомендовать к просмотру:. ,sample_20,3
Интересная тема медицина - иногда напоминает некромантию. ,sample_21,0
"Только работает. А некромантия, насколько я знаю, нет. Или есть свидетельства обратного?",sample_21,1
"Без понятия, у меня в знакомых - максимум - сатанисты. ",sample_21,2
И среди них нет колдунов?. Я когда-то знал одну ведьму. ,sample_21,3
"Всякие есть. Некромантов нет. Я сама типо правнучка ведьмы, но мозги достались сугубо рациональные. ",sample_21,4
Валентина Терешкова предложила обнулить президентские сроки. А обнулились мозги борцов с режимом,sample_22,0
"Да не Терешкова это предложила! Она всего лишь озвучила. Те правки, что ввели в Конституцию, уже автоматически обнуляют президентский срок. ",sample_22,1
Лучше бы кредиты всем обнулили. ,sample_22,2
Вы на святое-то не замахивайтесь!,sample_22,3
"Прочитал «Сталкер» Скоро новая часть, все мысли о нем :/",sample_23,0
Скоро забыл в кавычки загань,sample_23,1
Извиняюсь за свою оплошность,sample_23,2
и это низменное извиняюсь поправить! благородные доны так не говорят. ,sample_23,3
"Именно по этому, мне больше нравиться в этом плане США. ",sample_24,0
"Ага, то то в последнее время довольные американцы копов отстреливают. ",sample_24,1
Американцы или кучка blmовских расистов?,sample_24,2
А они не американцы? В Фергюсоне бурление было довольно масштабным,sample_24,3
"думаю, что могу. ",sample_25,0
а в каком городе проживаете?,sample_25,1
Кемерово,sample_25,2
"эхх, далеко((",sample_25,3
"вы подождите, пока сделаю свой ноут и выложу длинопост с новой работой. Может и расстояние покажется несущественным..",sample_25,4
Где ты старый добрый гарлем шейк...,sample_26,0
Единственный танец который я могла танцевать :с,sample_26,1
"ну хз, я в свое время разрывал танцпол танцем маленьких утят",sample_26,2
"...разрывал напополам. И все расходились от тебя, как от прокаженного. ",sample_26,3
Ей же лет 13 О. О,sample_27,0
Значительно больше . А плоха это не ошибка а такой стиль письма . ,sample_27,1
"Ну факт остаётся фактом стиль письма у неё, поступки и реакция как у 12-летней девочки",sample_27,2
"Это не возрасты, а стиль жизни. Как говориться - такое не лечится. ",sample_27,3
"Там регулярной армии хватит, чтобы отвадить любые поползновения в сторону нашего полуострова. ",sample_28,0
"Причём хватит уже того, что есть в самом Крыму. ",sample_28,1
"Да, там вполне самодостаточная группа войск. На руинцев их хватит с лихвой. ",sample_28,2
Это еще руинцев найти нужно будет. В любом случае военный действия это плохо. Это только рассуждать возле монитора хорошо как оно стрелять и убивать. ,sample_28,3
А типа в указанных районах ввели режим АТО или как?,sample_29,0
Типа вдоль границы шныряет более чем дохуя народу с оружием. Причём отдельные из шныряющих не отличаются адекватностью. А по сути твой пост - вброс. ,sample_29,1
"Мой пост вопрос, по сути вопрос, а не вброс . ",sample_29,2
Российские десантники заблудились.....Охуенный вопрос. Знак вопроса теперь так . выглядит?,sample_29,3
