word,tfidf_diff
пойдёт,0.05179716831338996
порадовал,0.042739683063646734
аниме,0.038290803459921745
данный,0.03121431819409915
фильм,0.02961689245291383
куски,0.027496606953471704
плохо,0.02741751644086636
сюжет,0.026751278798807426
понравилась,0.025271621573782273
манга,0.02442595773409554
единственное,0.02336554136578294
везде,0.023333826247752314
nобслуживание,0.023212424205948316
честно говоря,0.022398516465506346
честно,0.022398516465506346
говоря,0.022398516465506346
сезон,0.021777593983565633
смотрел,0.02111051874058348
размер,0.020382600065132858
масла,0.020015535860136
мире,0.018846162139195943
качество,0.018744490487575587
сюжета,0.018657720461689162
сравнивать,0.01788463130806976
неплохой,0.01775748809360289
