text,label,domain,vader_neg,vader_neu,vader_pos,vader_compound,vader_sentiment,vader_score,flair_score,flair_sentiment,flair_confidence,rubert_raw_label,rubert_score,rubert_sentiment,rubert_confidence,roberta_raw_label,roberta_score,roberta_sentiment,roberta_confidence,distilbert_raw_label,distilbert_score,distilbert_sentiment,distilbert_confidence,logistic_regression_score,logistic_regression_sentiment,logistic_regression_confidence,svm_score,svm_sentiment,svm_confidence,random_forest_score,random_forest_sentiment,random_forest_confidence,ensemble_score_raw,ensemble_score,ensemble_sentiment,actual_sentiment,is_correct_vader,is_correct_flair,is_correct_rubert,is_correct_roberta,is_correct_distilbert,is_correct_logistic_regression,is_correct_svm,is_correct_random_forest,is_correct_ensemble,translated_text,translation_ok
text,LABEL,apps,0.0,1.0,0.0,0.0,Neutral,3,3,Neutral,0.9920310974121094,neutral,3,Neutral,0.6612650156021118,neutral,3,Neutral,0.5193869471549988,LABEL_0,1,Negative,0.5108457803726196,3,Neutral,0.5298840322374212,3,Neutral,0.0,3,Neutral,0.4753664537256753,2.75,3,Neutral,,,,,,,,,,,text,True
"эта вода всегда была неплохой: не оставляет накипи, на вкус норм, бутылки удобные, а цена бескомпромиссна. однако, в последнем заказе попались несколько бутылок, в которых вода воняла хлоркой. я человек впечатлительный и больше это покупать не буду.",NEGATIVE,apps,0.0,0.901,0.099,0.4675,Positive,5,1,Negative,0.975297749042511,neutral,3,Neutral,0.6780545711517334,neutral,3,Neutral,0.6330070495605469,LABEL_1,5,Positive,0.5123979449272156,3,Neutral,0.6213129937152934,3,Neutral,0.0,3,Neutral,0.48,3.25,3,Neutral,Negative,False,True,False,False,False,False,False,False,False,"This water has always been good: does not leave scale, the taste of norms, the bottles are convenient, and the price is uncompromising. however, in the last order there were several bottles in which the water stinked of bleach.",True
"еда вкусная, недорогая, порции средние, ожидали блюдо минут 10-15. номера на 4- нет окна, точнее оно есть, но в потолке, при дожде вода заливается. ванная удобная, горячая вода есть. расположение в близи города, но пешком не дойти.",NEUTRAL,apps,0.032,0.968,0.0,-0.1531,Negative,3,3,Neutral,0.999693751335144,neutral,3,Neutral,0.7289789319038391,neutral,3,Neutral,0.5641207695007324,LABEL_1,5,Positive,0.5063140392303467,3,Neutral,0.669304829590272,3,Neutral,0.0,3,Neutral,0.5705579004445223,3.25,3,Neutral,Neutral,False,True,True,True,False,True,True,True,True,"food is tasty, inexpensive, medium portions, waited for a dish for 10-15 minutes. rooms for 4 - there is no window, more precisely it is, but in the ceiling, in the rain the water is poured. the bathroom is convenient, hot water is located near the city, but you can not walk.",True
"на сайте режим работы до 21.00. кошке стало плохо, звоню- говорят мы до 20.00. но запись до 19.00. отвечаю, что срочно приедем, помощь нужна, описываю ситуацию. ответили сдавайте анализы, делайте узи и после звоните записывайтесь на приём. вобщем экстренно здесь не помогут. поехали в другую клинику.",NEGATIVE,apps,0.031,0.855,0.115,0.7351,Positive,5,1,Negative,0.9999618530273438,neutral,3,Neutral,0.5702029466629028,negative,1,Negative,0.9994284510612488,LABEL_0,1,Negative,0.513454020023346,1,Negative,0.729411448463675,1,Negative,0.0,1,Negative,0.5650211352451484,1.75,2,Negative,Negative,False,True,False,True,True,True,True,True,True,"on the site mode of work until 21.00. the cat became ill, call - we say until 20.00. but the record before 19.00. I answer that we urgently come, help is needed, describe the situation. answered to take tests, make an ultrasound and then make an appointment. in general urgently here will not help. went to another clinic.",True
"честно говоря, после первых трех сериях ожидал немного большего, а получил обычный исекай. сначала о плюсах, в аниме интересный главный герой. голос молодого юноши, который проносится в его голове, неплохо так контрастирует с басом короля-лича, что смотрится забавно. то, как герой превозмогает, уже всем надоело, поэтому смотреть за тем, как всемогущий 100-уровневый игрок побеждает даже сильнейших тварей, доставляет так же, как это было, скажем, в ванпанчмене или мобе. в принципе, все. обычный такой неплохой исекай без какого-либо проработанного сюжета или мира. сериал ощущается как очередная реклама неплохого ранобе. хотите узнать о принципах работы магии и скилов в этом мире - идите читайте ранобе. хотите получить нормальную информацию об этом мире - читайте ранобе. в аниме вся информация довольно скудная, а сам сюжет нелогичен и высосан из пальца. лично мне понравились только первые три серии и хомяк, остальное вообще не вызывает интереса, если вы смотрели хотя бы полтора исекая. оценка 7 из 10. если вы никогда не смотрели исекаи, думаю, вам понравится, но если у вас их просмотрено по крайней мере с десяток, вы ничего интересного не найдете.",NEGATIVE,apps,0.044,0.754,0.202,0.9565,Positive,5,1,Negative,0.9995287656784058,positive,5,Positive,0.8435941934585571,positive,5,Positive,0.9958564639091492,LABEL_0,1,Negative,0.5015866160392761,3,Neutral,0.9058681343152805,3,Neutral,0.0,3,Neutral,0.41,3.25,3,Neutral,Negative,False,True,False,False,True,False,False,False,False,"Honestly, after the first three episodes I expected a little more, and got an ordinary isekai. first about the pluses, in the anime interesting protagonist. the voice of a young man, which sweeps through his head, is a good contrast with the bass of the king-lich, that looks funny. how the hero overcomes, everyone is already tired, so watch how the almighty 100-level player defeats even the strongest creatures, delivers interest, as it was, say, in principle, everything is normal such a good story and does not cause you to get enough information from this series early and do not think about the world.",True
"давненько я такой годноты не смотрел. первый сезон даже сравнивать не буду, потому что он был довольно посредственным ( 6 баллов я ему поставил) , но вот 2 сезон меня порадовал. действия разворачиваются спустя 25 лет после событий 1 сезона, но теперь в аниме есть как старые, так и новые персонажи. в данном тайтле уровень кавая мне показался достаточным, но также не забыли и про сюжет. главные героини - няшки, больше всего понравилась аскуру, хотя они все кавайные. но больше всего мне понравилось то , что в аниме присутсвует драмма, а последняя серия так просто epic win.моя оценка 910 . ради 2 сезона стоит посмотреть и 1.",POSITIVE,apps,0.0,0.864,0.136,0.9468,Positive,5,3,Neutral,0.9962928891181946,neutral,3,Neutral,0.5718636512756348,positive,5,Positive,0.9981527924537659,LABEL_0,1,Negative,0.5125604271888733,3,Neutral,0.6611846845321783,3,Neutral,0.0,3,Neutral,0.52,3.25,3,Neutral,Positive,True,False,False,True,False,False,False,False,False,"I haven’t watched this for a long time. the first season I won’t even compare, because it was quite mediocre (I gave him 6 points), but season 2 I was pleased. the action takes place 25 years after the events of season 1, but now there are both old and new characters in the anime. in this title, the level of kawai I thought was enough, but also I did not forget about the plot. the main characters are nannies, most of all I liked the ascura, although they are all kawai. but most of all I liked the fact that the anime has a drama, and the last series is so simple 9. Season 2 is worth watching and 1.",True
сабантуй. на третьей меня заломали:),NEUTRAL,apps,0.383,0.617,0.0,-0.4767,Negative,1,1,Negative,0.7059967517852783,neutral,3,Neutral,0.5514340400695801,negative,1,Negative,0.5776903629302979,LABEL_0,1,Negative,0.5131943225860596,3,Neutral,0.5298840322374212,3,Neutral,0.0,3,Neutral,0.47536645372567526,2.0,2,Negative,Neutral,False,False,True,False,False,True,True,True,False,Sabantuy. on the third I was broken:,True
"специфический вкус, мне сосем не по вкусу. брать больше не буду!",NEGATIVE,apps,0.0,0.545,0.455,0.6124,Positive,5,1,Negative,0.9969629645347595,positive,5,Positive,0.5945941805839539,negative,1,Negative,0.7820350527763367,LABEL_0,1,Negative,0.5131936073303223,3,Neutral,0.5432062483394875,3,Neutral,0.0,5,Positive,0.6544053146723852,3.0,3,Neutral,Negative,False,True,False,True,True,False,False,False,False,"I don’t like the taste, I don’t like it anymore.",True
"пицца пепперони соль (пересоленная очень) много масла сама колбаса которая не понравились (понятно, что на вкус и цвет, но есть с чем сравнивать , так как везде заказываю именно пепперони)nобслуживание -2 nзаведение находится на пешей туристической улице ,как будто не рассчитано на постоянных клиентов , пришли , поели , ушли, отсюда все что написал выше , про обслуживание в первую очередь .",NEUTRAL,apps,0.025,0.947,0.028,0.0631,Neutral,3,3,Neutral,0.9999476671218872,neutral,3,Neutral,0.7842379808425903,negative,1,Negative,0.9497579336166382,LABEL_0,1,Negative,0.5226872563362122,3,Neutral,0.691891263209487,3,Neutral,0.0,3,Neutral,0.5099577295097032,2.5,2,Negative,Neutral,True,True,True,False,False,True,True,True,False,"Pizza pepperoni salt (resalted very) a lot of butter sausage itself that did not like (it is clear that the taste and color, but there is something to compare, since everywhere I order it pepperoni)n service -2 n establishment is on a hiking tourist street, as if not designed for regular customers, came, ate, left, from here everything I wrote above, about service in the first place.",True
за эти деньги куртка - супер! размеры соответствуют таблицы! швы все прошиты ровненько доставка курьером на дом - я довольна!спасибо огромное вашему магазину!,POSITIVE,apps,0.0,0.687,0.313,0.9233,Positive,5,5,Positive,0.9984544515609741,positive,5,Positive,0.9935025572776794,positive,5,Positive,0.9905983805656433,LABEL_0,1,Negative,0.5157554745674133,5,Positive,0.9112453312925552,5,Positive,0.0,5,Positive,0.98,4.5,4,Positive,Positive,True,True,True,True,False,True,True,True,True,For this money jacket - super! the size corresponds to the table! I am so happy with the delivery of the courier to the house! thank you very much to your store!,True
