label,text,vader_neg,vader_neu,vader_pos,vader_compound,vader_sentiment,vader_score,flair_score,flair_sentiment,flair_confidence,rubert_raw_label,rubert_score,rubert_sentiment,rubert_confidence,roberta_raw_label,roberta_score,roberta_sentiment,roberta_confidence,distilbert_raw_label,distilbert_score,distilbert_sentiment,distilbert_confidence,logistic_regression_score,logistic_regression_sentiment,logistic_regression_confidence,svm_score,svm_sentiment,svm_confidence,random_forest_score,random_forest_sentiment,random_forest_confidence,ensemble_score_raw,ensemble_score,ensemble_sentiment,actual_sentiment,is_correct_vader,is_correct_flair,is_correct_rubert,is_correct_roberta,is_correct_distilbert,is_correct_logistic_regression,is_correct_svm,is_correct_random_forest,is_correct_ensemble,translated_text,translation_ok
NEGATIVE,"эта вода всегда была неплохой: не оставляет накипи, на вкус норм, бутылки удобные, а цена бескомпромиссна. однако, в последнем заказе попались несколько бутылок, в которых вода воняла хлоркой. я человек впечатлительный и больше это покупать не буду.",0.0,0.901,0.099,0.4675,Positive,5,1,Negative,0.975297749042511,neutral,3,Neutral,0.6780545711517334,neutral,3,Neutral,0.6330070495605469,Negative,1,Negative,0.49801385402679443,3,Neutral,0.6213129937152934,3,Neutral,0.0,3,Neutral,0.48,2.75,3,Neutral,Negative,False,True,False,False,True,False,False,False,False,"This water has always been good: does not leave scale, the taste of norms, the bottles are convenient, and the price is uncompromising. however, in the last order there were several bottles in which the water stinked of bleach.",True
NEUTRAL,"еда вкусная, недорогая, порции средние, ожидали блюдо минут 10-15. номера на 4- нет окна, точнее оно есть, но в потолке, при дожде вода заливается. ванная удобная, горячая вода есть. расположение в близи города, но пешком не дойти.",0.032,0.968,0.0,-0.1531,Negative,3,3,Neutral,0.999693751335144,neutral,3,Neutral,0.7289789319038391,neutral,3,Neutral,0.5641207695007324,Neutral,3,Neutral,0.7049065828323364,3,Neutral,0.669304829590272,3,Neutral,0.0,3,Neutral,0.5705579004445223,3.0,3,Neutral,Neutral,False,True,True,True,True,True,True,True,True,"food is tasty, inexpensive, medium portions, waited for a dish for 10-15 minutes. rooms for 4 - there is no window, more precisely it is, but in the ceiling, in the rain the water is poured. the bathroom is convenient, hot water is located near the city, but you can not walk.",True
NEGATIVE,"на сайте режим работы до 21.00. кошке стало плохо, звоню- говорят мы до 20.00. но запись до 19.00. отвечаю, что срочно приедем, помощь нужна, описываю ситуацию. ответили сдавайте анализы, делайте узи и после звоните записывайтесь на приём. вобщем экстренно здесь не помогут. поехали в другую клинику.",0.031,0.855,0.115,0.7351,Positive,5,1,Negative,0.9999618530273438,neutral,3,Neutral,0.5702029466629028,negative,1,Negative,0.9994284510612488,Negative,1,Negative,0.3836309611797333,1,Negative,0.729411448463675,1,Negative,0.0,1,Negative,0.5650211352451484,1.75,2,Negative,Negative,False,True,False,True,True,True,True,True,True,"on the site mode of work until 21.00. the cat became ill, call - we say until 20.00. but the record before 19.00. I answer that we urgently come, help is needed, describe the situation. answered to take tests, make an ultrasound and then make an appointment. in general urgently here will not help. went to another clinic.",True
NEGATIVE,"честно говоря, после первых трех сериях ожидал немного большего, а получил обычный исекай. сначала о плюсах, в аниме интересный главный герой. голос молодого юноши, который проносится в его голове, неплохо так контрастирует с басом короля-лича, что смотрится забавно. то, как герой превозмогает, уже всем надоело, поэтому смотреть за тем, как всемогущий 100-уровневый игрок побеждает даже сильнейших тварей, доставляет так же, как это было, скажем, в ванпанчмене или мобе. в принципе, все. обычный такой неплохой исекай без какого-либо проработанного сюжета или мира. сериал ощущается как очередная реклама неплохого ранобе. хотите узнать о принципах работы магии и скилов в этом мире - идите читайте ранобе. хотите получить нормальную информацию об этом мире - читайте ранобе. в аниме вся информация довольно скудная, а сам сюжет нелогичен и высосан из пальца. лично мне понравились только первые три серии и хомяк, остальное вообще не вызывает интереса, если вы смотрели хотя бы полтора исекая. оценка 7 из 10. если вы никогда не смотрели исекаи, думаю, вам понравится, но если у вас их просмотрено по крайней мере с десяток, вы ничего интересного не найдете.",0.044,0.754,0.202,0.9565,Positive,5,1,Negative,0.9995287656784058,positive,5,Positive,0.8435941934585571,positive,5,Positive,0.9958564639091492,Positive,5,Positive,0.8427908420562744,3,Neutral,0.9058681343152805,3,Neutral,0.0,3,Neutral,0.41,3.75,4,Positive,Negative,False,True,False,False,False,False,False,False,False,"Honestly, after the first three episodes I expected a little more, and got an ordinary isekai. first about the pluses, in the anime interesting protagonist. the voice of a young man, which sweeps through his head, is a good contrast with the bass of the king-lich, that looks funny. how the hero overcomes, everyone is already tired, so watch how the almighty 100-level player defeats even the strongest creatures, delivers interest, as it was, say, in principle, everything is normal such a good story and does not cause you to get enough information from this series early and do not think about the world.",True
POSITIVE,"давненько я такой годноты не смотрел. первый сезон даже сравнивать не буду, потому что он был довольно посредственным ( 6 баллов я ему поставил) , но вот 2 сезон меня порадовал. действия разворачиваются спустя 25 лет после событий 1 сезона, но теперь в аниме есть как старые, так и новые персонажи. в данном тайтле уровень кавая мне показался достаточным, но также не забыли и про сюжет. главные героини - няшки, больше всего понравилась аскуру, хотя они все кавайные. но больше всего мне понравилось то , что в аниме присутсвует драмма, а последняя серия так просто epic win.моя оценка 910 . ради 2 сезона стоит посмотреть и 1.",0.0,0.864,0.136,0.9468,Positive,5,3,Neutral,0.9962928891181946,neutral,3,Neutral,0.5718636512756348,positive,5,Positive,0.9981527924537659,Negative,1,Negative,0.8443053960800171,3,Neutral,0.6611846845321783,3,Neutral,0.0,3,Neutral,0.52,3.25,3,Neutral,Positive,True,False,False,True,False,False,False,False,False,"I haven’t watched this for a long time. the first season I won’t even compare, because it was quite mediocre (I gave him 6 points), but season 2 I was pleased. the action takes place 25 years after the events of season 1, but now there are both old and new characters in the anime. in this title, the level of kawai I thought was enough, but also I did not forget about the plot. the main characters are nannies, most of all I liked the ascura, although they are all kawai. but most of all I liked the fact that the anime has a drama, and the last series is so simple 9. Season 2 is worth watching and 1.",True
NEUTRAL,сабантуй. на третьей меня заломали:),0.383,0.617,0.0,-0.4767,Negative,1,1,Negative,0.7059967517852783,neutral,3,Neutral,0.5514340400695801,negative,1,Negative,0.5776903629302979,Neutral,3,Neutral,0.6448294520378113,3,Neutral,0.5298840322374212,3,Neutral,0.0,3,Neutral,0.47536645372567543,2.25,2,Negative,Neutral,False,False,True,False,True,True,True,True,False,Sabantuy. on the third I was broken:,True
NEGATIVE,"специфический вкус, мне сосем не по вкусу. брать больше не буду!",0.0,0.545,0.455,0.6124,Positive,5,1,Negative,0.9969629645347595,positive,5,Positive,0.5945941805839539,negative,1,Negative,0.7820350527763367,Negative,1,Negative,0.5520368218421936,3,Neutral,0.5432062483394875,3,Neutral,0.0,5,Positive,0.6544053146723852,3.0,3,Neutral,Negative,False,True,False,True,True,False,False,False,False,"I don’t like the taste, I don’t like it anymore.",True
NEUTRAL,"пицца пепперони соль (пересоленная очень) много масла сама колбаса которая не понравились (понятно, что на вкус и цвет, но есть с чем сравнивать , так как везде заказываю именно пепперони)nобслуживание -2 nзаведение находится на пешей туристической улице ,как будто не рассчитано на постоянных клиентов , пришли , поели , ушли, отсюда все что написал выше , про обслуживание в первую очередь .",0.025,0.947,0.028,0.0631,Neutral,3,3,Neutral,0.9999476671218872,neutral,3,Neutral,0.7842379808425903,negative,1,Negative,0.9497579336166382,Negative,1,Negative,0.7436500191688538,3,Neutral,0.691891263209487,3,Neutral,0.0,3,Neutral,0.5099577295097032,2.5,2,Negative,Neutral,True,True,True,False,False,True,True,True,False,"Pizza pepperoni salt (resalted very) a lot of butter sausage itself that did not like (it is clear that the taste and color, but there is something to compare, since everywhere I order it pepperoni)n service -2 n establishment is on a hiking tourist street, as if not designed for regular customers, came, ate, left, from here everything I wrote above, about service in the first place.",True
POSITIVE,за эти деньги куртка - супер! размеры соответствуют таблицы! швы все прошиты ровненько доставка курьером на дом - я довольна!спасибо огромное вашему магазину!,0.0,0.687,0.313,0.9233,Positive,5,5,Positive,0.9984544515609741,positive,5,Positive,0.9935025572776794,positive,5,Positive,0.9905983805656433,Very Positive,5,Positive,0.7213461995124817,5,Positive,0.9112453312925552,5,Positive,0.0,5,Positive,0.98,5.0,5,Positive,Positive,True,True,True,True,True,True,True,True,True,For this money jacket - super! the size corresponds to the table! I am so happy with the delivery of the courier to the house! thank you very much to your store!,True
NEGATIVE,качество на 2,0.0,1.0,0.0,0.0,Neutral,3,3,Neutral,0.8942712545394897,neutral,3,Neutral,0.7859495282173157,negative,1,Negative,0.6177630424499512,Neutral,3,Neutral,0.8506227135658264,3,Neutral,0.6443344620202665,3,Neutral,0.0,3,Neutral,0.5400064671087498,2.75,3,Neutral,Negative,False,False,False,True,False,False,False,False,False,quality 2,True
NEUTRAL,"доставка быстрая, возврат всегда прекрасно проходит, нареканий нет. кроме одного. пожалуйста, попросите работника с темными волосами мыться или пользоваться дезодорантомстоять внутри порой просто невыносимо от стойкого запаха пота",0.163,0.7,0.137,-0.2023,Negative,3,3,Neutral,0.9999374151229858,neutral,3,Neutral,0.7266032099723816,positive,5,Positive,0.4381706118583679,Positive,5,Positive,0.3484433591365814,3,Neutral,0.6040781554377112,3,Neutral,0.0,5,Positive,0.3428206136748379,3.75,4,Positive,Neutral,False,True,True,False,False,True,True,False,False,"Delivery is fast, return is always fine, there are no complaints. except one. please ask an employee with dark hair to wash or use deodorant.",True
NEUTRAL,"не жесткое, но слишком сладкое ! не удивительно, ведь но полностью усыпано сахаром ! (см фото) много сахара, очень много ! так и хрустит на зубах, портя эмаль ! больше не куплю.",0.064,0.764,0.172,0.6103,Positive,5,3,Neutral,0.9885579347610474,neutral,3,Neutral,0.6405947804450989,negative,1,Negative,0.8658596277236938,Negative,1,Negative,0.6379287242889404,3,Neutral,0.5683763772740158,3,Neutral,0.0,3,Neutral,0.55,2.75,3,Neutral,Neutral,False,True,True,False,False,True,True,True,True,"Not hard, but too sweet! Not surprisingly, it’s full of sugar! (See photo) Lots of sugar, lots of sugar! It crunches on your teeth, spoiling your enamel! I won't buy any more.",True
POSITIVE,"хороший общепит, вкусные пончики, супчик и кофе. прекрасное место заезда перекусить. прекрасный персонал и отличная кухня. доступная парковка, прекрасное место",0.0,0.429,0.571,0.9738,Positive,5,5,Positive,0.995071530342102,positive,5,Positive,0.995501697063446,positive,5,Positive,0.5738258361816406,Positive,5,Positive,0.7570855021476746,5,Positive,0.5428826130168135,5,Positive,0.0,5,Positive,0.72,5.0,5,Positive,Positive,True,True,True,True,True,True,True,True,True,"good catering, delicious doughnuts, soup and coffee. great place to check in for a snack. great staff and excellent cuisine. affordable parking, great place",True
NEGATIVE,"это не халат,это очень маленько размера кофточка. деньги потрачены зря!",0.28,0.72,0.0,-0.5411,Negative,1,1,Negative,0.924882173538208,negative,1,Negative,0.8385114073753357,negative,1,Negative,0.949782133102417,Very Negative,1,Negative,0.574611246585846,5,Positive,0.5291999389870358,5,Positive,0.0,3,Neutral,0.5948582071215054,2.25,2,Negative,Negative,True,True,True,True,True,False,False,False,True,"It's not a robe, it's a very small jacket. The money wasted!",True
POSITIVE,"видела много отзывов,что гинтама смотрится тяжело и не каждый осилит с первого раза.лично я посмотрела всё за неделю.я влюбилась в гинтаму с первой серии.и чем дальше смотрела,тем больше влюблялась.были серии в которых я заливалась смехом,и были серии в которых мне казалось,что я вот-вот заплачу.в данном сериале очень сложно выбрать себе фаворита среди персонажей,ибо каждый по-своему крут и уникален.что касается главного героя,могу сказать,что гинтоки очень интересный персонаж.очень занимательно анализировать его монологи и поступки,не смотря на то что он может показаться обычным разгильдяем.опенинги,ендинги,фоновая музыка - всё как на подбор шикарно.гинтама - это история о крепкой дружбе,узах,которые могут быть сильнее родственных и даже немножко о любви)но имхо,насколько гинтама весёлая - настолько она и грустная.хоть я и недавно влилась в этот большой фандом,но могу точно сказать,что гинтама - это как стиль жизни.в общем советую всем любителям чёрного юмора и не только)итоговая оценка : 10 отвергнутых горилл из 10600x330746x557",0.036,0.807,0.157,0.9308,Positive,5,5,Positive,0.9996974468231201,neutral,3,Neutral,0.6022959351539612,positive,5,Positive,0.9994649291038513,Positive,5,Positive,0.8912127614021301,5,Positive,0.48489778719972737,5,Positive,0.0,5,Positive,0.47,4.75,5,Positive,Positive,True,True,False,True,True,True,True,True,True,"I saw a lot of reviews that the gintama looks hard and not everyone will overcome the first time.Personally I watched everything for a week.I fell in love with gintama from the first series.and the further I watched, the more I fell in love.There were series in which I was filled with laughter, and there were series in which I thought that I was about to pay.In this series it is very difficult to choose a favorite among the characters, because everyone is cool and unique.I can say that the gintoks are very interesting characters.46.I can analyze his actions very interesting.57 - how strongly she can say in general about this gynthogynytovnyuyuyuyuyuyuyuyuyuyuyuyuyuyuyuyuyuyuyuyuyuyuyuyuyuyuyuyuyuyuyuyuyuyuyuyuyuyuyuyuyuyuyuyuyuyuyuyuyuyuyuyuyu",True
NEUTRAL,"честно говоря, соус совсем не понравился. какой-то неприятный химозный привкус.",0.271,0.573,0.156,-0.2982,Negative,3,3,Neutral,0.734988272190094,neutral,3,Neutral,0.7432907223701477,negative,1,Negative,0.7819715142250061,Negative,1,Negative,0.8172334432601929,3,Neutral,0.6367194835281359,3,Neutral,0.0,3,Neutral,0.43,2.5,2,Negative,Neutral,False,True,True,False,False,True,True,True,False,"Honestly, I didn't like the sauce at all. It's kind of an unpleasant chemical taste.",True
NEUTRAL,маленький зал ожидания. но видимо для небольшого населенного пункта -этого достаточно. есть несколько ячеек камеры хранения. рядом скромная столовая. не впечатлило. на перроне много сотрудников охраны. внимательно следят за безопасностью. пока ждали экспресс в рускеала посетили поезд деда мороза. очень понравилось. цена билета -250 руб. народу в марте не было вообще. так что получили индивидуальную экскурсию по поезду и хорошие фото.,0.038,0.8,0.162,0.8965,Positive,5,3,Neutral,0.9999784231185913,neutral,3,Neutral,0.5186221599578857,negative,1,Negative,0.6371174454689026,Positive,5,Positive,0.4679291546344757,3,Neutral,0.8639507555081977,3,Neutral,0.0,3,Neutral,0.51,3.25,3,Neutral,Neutral,False,True,True,False,False,True,True,True,True,a small waiting room. but apparently for a small settlement - this is enough. there are several cells of the storage chamber. next to the modest dining room. not impressed. on the platform many security officers. closely monitor security. while waiting for the express in Ruskeala visited the train grandfather frost. very much liked. the ticket price -250 rubles. people in March was not at all. so we got an individual tour of the train and good photos.,True
POSITIVE,"качественный товар , быстрая доставка",0.0,0.58,0.42,0.4404,Positive,5,5,Positive,0.9900770783424377,positive,5,Positive,0.9849743843078613,positive,5,Positive,0.9996787309646606,Positive,5,Positive,0.7492490410804749,5,Positive,0.7298959613059667,5,Positive,0.0,5,Positive,0.48047149294759545,5.0,5,Positive,Positive,True,True,True,True,True,True,True,True,True,"Good quality products, fast delivery",True
NEUTRAL,"качество бензина: отвратное! за год меняла топливный фильтр два раза! и промывала бак от осадка!nобслуживание: бесконтактное, имееться необходимый сопутствующие товары, типо тосола или масла. недавно уменьшили количество колонок и пистолета.",0.13,0.793,0.076,-0.4168,Negative,1,3,Neutral,0.9999189376831055,negative,1,Negative,0.7555476427078247,negative,1,Negative,0.9951786994934082,Very Negative,1,Negative,0.5908535718917847,3,Neutral,0.7352071124942915,3,Neutral,0.0,3,Neutral,0.7527412706325814,2.0,2,Negative,Neutral,False,True,False,False,False,True,True,True,False,"Gasoline quality: disgusting! for a year changed the fuel filter twice! and washed the tank from the sediment!n Maintenance: contactless, there are necessary related products, like rosine or oil.",True
POSITIVE,"приехали в славный город казань в первый раз и после долгой прогулки по городу зашли случайно в это кафе и не ошиблись. заведение очень атмосферное, уютное в прованском стиле и приятная музыка. ужинали компанией 5 человек. еда была безумно вкусная судак в сливочном соусе с картошкой мммм, азу по татарски вообще шедевр про ягнёнка с картофелем вообще молчу, ну отдельно скажу за грибной супчик, огонь. отдельно хочется по благодарить официанта назара, настолько вежливый, обходительный и понимающий молодой человек. вообще время провели прекрасно в вашем заведении и поели очень вкусно и отдохнули прекрасно. очень рекомендую это заведение, не пожалеете, что зашли.",0.039,0.756,0.205,0.9526,Positive,5,5,Positive,0.9996531009674072,positive,5,Positive,0.9800264835357666,positive,5,Positive,0.9991356730461121,Positive,5,Positive,0.7783942222595215,5,Positive,0.8228332176688854,5,Positive,0.0,5,Positive,0.49,5.0,5,Positive,Positive,True,True,True,True,True,True,True,True,True,"came to the glorious city of Kazan for the first time and after a long walk around the city came by chance to this cafe and did not make a mistake. the institution is very atmospheric, cozy in the Provencal style and pleasant music. dinner with 5 people. the food was insanely tasty perch in cream sauce with potatoes mm, azu in Tatar in general a masterpiece about lamb with potatoes in general, well, I will say separately for mushroom soup, fire. separately I want to thank the Nazar waiter, so polite and understanding a young man in general, I did not recommend it very well.",True
NEUTRAL,"пятна, сильно большое, длинное, курьер порадовал",0.0,0.674,0.326,0.4404,Positive,5,3,Neutral,0.9464684724807739,neutral,3,Neutral,0.7897981405258179,negative,1,Negative,0.8298529386520386,Positive,5,Positive,0.6378676891326904,3,Neutral,0.4217341794051353,5,Positive,0.0,3,Neutral,0.46430700428445826,3.5,4,Positive,Neutral,False,True,True,False,False,True,False,True,False,"stain, very large, long, the courier pleased",True
NEUTRAL,"вежливый и грамотный персонал, но неудачно расположен, для посещения на авто",0.0,0.858,0.142,0.1655,Positive,3,3,Neutral,0.9992929697036743,neutral,3,Neutral,0.5796396732330322,negative,1,Negative,0.421253502368927,Positive,5,Positive,0.3788599967956543,5,Positive,0.8067583429486762,5,Positive,0.0,3,Neutral,0.51,3.5,4,Positive,Neutral,False,True,True,False,False,False,False,True,False,"polite and competent staff, but poorly located, to visit by car",True
POSITIVE,хорошая.на размер 48-50 подошло хорошо,0.0,0.633,0.367,0.4404,Positive,5,5,Positive,0.9983903169631958,positive,5,Positive,0.993787407875061,positive,5,Positive,0.655622124671936,Positive,5,Positive,0.914220929145813,3,Neutral,0.5376825823705923,3,Neutral,0.0,3,Neutral,0.516575601784602,4.25,4,Positive,Positive,True,True,True,True,True,False,False,False,True,The size of 48-50 was good.,True
NEUTRAL,"аниме клевое. ожидал развитие романтических отношений между нивой и эрио, но получилось лишь развитие дружеских отношений. мне понравилась маэкава, она крутая. однако тетушка мэмэ тоже нечто, самый крутой персонаж данного аниме! кстати заметил с самого начала то, что нива-кун похож на сакишиму-куна из аниме ""безоблачное завтра"". хм, может они тоже кузены? аниме в целом понравилось. оно легкое, смешное, местами романтическое, но конечно не будет в моем списке одних из лучших, но тоже имеет свое особенное место.",0.0,0.691,0.309,0.9895,Positive,5,5,Positive,0.995972216129303,positive,5,Positive,0.9290679097175598,positive,5,Positive,0.9981837868690491,Positive,5,Positive,0.638675332069397,3,Neutral,0.4209224993857259,3,Neutral,0.0,3,Neutral,0.46,4.25,4,Positive,Neutral,False,False,False,False,False,True,True,True,False,"Anime cool. expected the development of a romantic relationship between niva and erio, but it turned out only the development of friendships. I liked the maekava, she's cool. but Auntie maeme is also something, the coolest character of this anime! By the way, he noted from the very beginning that niva-kun is like sakishima-kun from the anime ""cloudless tomorrow."" um, maybe they are cousins too? the anime in general liked. it is light, funny, sometimes romantic, but of course will not be on my list of some of the best, but also has its own special place.",True
NEGATIVE,"плохой фарш, консистенция, запуск, привкус - жуть! выбирайте другой фарш.",0.322,0.678,0.0,-0.5848,Negative,1,1,Negative,0.9994220733642578,negative,1,Negative,0.6667602062225342,negative,1,Negative,0.9787260293960571,Very Negative,1,Negative,0.7899011373519897,1,Negative,0.6200489321122467,1,Negative,0.0,1,Negative,0.86,1.0,1,Negative,Negative,True,True,True,True,True,True,True,True,True,"Bad mince, consistency, launch, taste - creepy! choose another mince.",True
POSITIVE,"классная кофта , покупала за 377 рублей! немного большевата но ничего страшного и так смотрится круто!",0.0,0.593,0.407,0.8374,Positive,5,5,Positive,0.9811995029449463,positive,5,Positive,0.9917228817939758,positive,5,Positive,0.9758105278015137,Positive,5,Positive,0.7970513701438904,5,Positive,0.5720925438497682,5,Positive,0.0,3,Neutral,0.5336876476743762,4.75,5,Positive,Positive,True,True,True,True,True,True,True,False,True,"Cool sweatshirt, bought for 377 rubles! a little too big but nothing terrible and so looks cool!",True
NEGATIVE,"заказывала второй раз у этого продавца. в первый раз, все было на уровне. а сейчас - не ровный принт :(. очень расстроена :( :( :(",0.23,0.77,0.0,-0.7159,Negative,1,1,Negative,0.9611291289329529,negative,1,Negative,0.7001470327377319,negative,1,Negative,0.9836153388023376,Negative,1,Negative,0.5324088931083679,3,Neutral,0.5494837003107925,3,Neutral,0.0,3,Neutral,0.44,1.75,2,Negative,Negative,True,True,True,True,True,False,False,False,True,"I ordered the second time from this seller. the first time, everything was level. and now - not even print : (. very upset : : : : ):",True
NEGATIVE,"часто посещали это заведение с другом, все нравилось, кроме отношения администратора к гостям, но прошлый такой инцидент описывать не буду сейчас, т.к было давненько. n21.04.2023 пришли в шамайку, заказали по паре пива и борщи - все супер. после заказали кольца кальмара и они оказались ужасными! берёшь пальцами это кольцо, а кальмар сразу выскальзывает из панировки, к тому же везде была пленка, которую не прожевать и она должна убираться с кальмара. вежливо сообщили официанту (к нему 0 претензий вообще) об этой ситуации и потом пришла администратор ангелина, которая сходу заявила, что шеф повар все приготовил правильно и кольца кальмара такие и должны быть, причем говорила она очень надменно. позвали шеф-повара, но он забоялся к нам подходить, если верить ангелине. предложили ангелине признать, что так быть не должно и качество этих колец кальмара ужасное, а мы бы продолжили отдыхать, закрыв на это глаза, но ангелина взъерепенилась и продолжила утверждать, что у них все идеально, мол сами вы дураки. после этого мы написали отзыв в книгу жалоб и предложение, попросили счёт, оплатили и уехали в другое заведение. настроение испорчено было полностью! nnпрошу руководство шамайки хаус проверить качество пф кольца кальмара и работу ангелины. nnтакже прошу руководство ответить на мой отзыв в книге жалоб, очень уж интересно. nnтакой клиентоориентированности от вас не ожидали.",0.028,0.854,0.118,0.9198,Positive,5,1,Negative,0.9999048709869385,neutral,3,Neutral,0.5592524409294128,negative,1,Negative,0.8585225939750671,Very Negative,1,Negative,0.7500325441360474,1,Negative,0.8317805408980292,1,Negative,0.0,1,Negative,0.45,1.75,2,Negative,Negative,False,True,False,True,True,True,True,True,True,"often visited this institution with a friend, everything was liked, except the attitude of the administrator to the guests, but the last such incident I will not describe now, because it was a long time ago. n21.04.2023 came to the squid, politely informed the waiter (to him 0 claims in general) about this super. after ordering the squid rings and they turned out to be terrible! you took this ring with your fingers, and the squid immediately slips out of the bread, besides there was a film that she should not chew and she politely told the waiter about this book, interestingly asked the angel for this job, and then I asked him to tell you about the quality of the boss, and then I did not believe it, but I did not have to be sure about it.",True
NEUTRAL,"не очень плохо, но не советую.",0.278,0.521,0.201,-0.1877,Negative,3,1,Negative,0.6261494159698486,neutral,3,Neutral,0.5570399165153503,neutral,3,Neutral,0.5875311493873596,Negative,1,Negative,0.826177179813385,1,Negative,0.7757830413671347,1,Negative,0.0,1,Negative,0.7535855425546485,1.75,2,Negative,Neutral,False,False,True,True,False,False,False,False,False,"Not too bad, but I don't recommend it.",True
NEUTRAL,"манга сочитает в себе юмор (которого там в меру) и романтику, которая меня поражаетособенно меня порадовал, не шаблонный сюжет.а еще. манга продолжается до сих пор, и мы можем узнать, чем закончится, любовная история аой и сюсеяну, а так как я натура романтичная, манге я ставлю 10 из 10!спасибки автору и переводчикам!приятного чтения!",0.0,0.713,0.287,0.96,Positive,5,3,Neutral,0.9989532232284546,positive,5,Positive,0.8987354636192322,positive,5,Positive,0.9997091889381409,Very Positive,5,Positive,0.6127120852470398,3,Neutral,0.6204813245916836,3,Neutral,0.0,3,Neutral,0.6285891505889525,4.0,4,Positive,Neutral,False,True,False,False,False,True,True,True,False,"The manga combines humor (which is there in moderation) and romance, which amazes me especially pleased me, not a template plot. and yet. the manga continues to this day, and we can find out how it ends, the love story aoi and Susanu, and since I am a romantic nature, the manga I put 10 out of 10!",True
POSITIVE,нежнейшая печень. аж тает во рту.,0.0,0.854,0.146,0.0516,Neutral,3,1,Negative,0.6331194639205933,neutral,3,Neutral,0.6678208112716675,positive,5,Positive,0.9671903252601624,Negative,1,Negative,0.35846132040023804,3,Neutral,0.5239936359597817,3,Neutral,0.0,5,Positive,0.6859599840566283,3.0,3,Neutral,Positive,False,False,False,True,False,False,False,True,False,It's a delicate liver. It's melting in your mouth.,True
NEGATIVE,"шумная музыка после 22:00, буду звонить в полицию если дальше так продолжится. заснуть под баскова не получается.",0.145,0.855,0.0,-0.1779,Negative,3,3,Neutral,0.9998847246170044,neutral,3,Neutral,0.6332835555076599,negative,1,Negative,0.9765946269035339,Negative,1,Negative,0.5380671620368958,1,Negative,0.836324752758224,1,Negative,0.0,1,Negative,0.5417872164315853,1.75,2,Negative,Negative,True,False,False,True,True,True,True,True,True,"Noisy music after 22:00, I will call the police if this continues.",True
POSITIVE,"техника вперед! электроника тоже! математика,физика,химия это все союз! трех великих вещей, без них мы были,как каменный музей, а может еще хуже. как.о-о-о!ужас!кровь в жилах стынет! как тупые мухи мы бегали бы везде и не могли себе подсчитать сколько нам нужно молока!",0.115,0.63,0.255,0.5848,Positive,5,1,Negative,0.6446976065635681,neutral,3,Neutral,0.5133262276649475,positive,5,Positive,0.9776542782783508,Very Negative,1,Negative,0.822553813457489,3,Neutral,0.6583736057970188,3,Neutral,0.0,3,Neutral,0.79,3.0,3,Neutral,Positive,True,False,False,True,False,False,False,False,False,"Mathematics, physics, chemistry is all a union! three great things, without them we were like a stone museum, and maybe even worse.",True
NEUTRAL,"по размеру все хорошо, тянется. но самый главный косяк - линяет! сильно линяет, замарала весь низ белых близок.",0.0,0.731,0.269,0.7168,Positive,5,3,Neutral,0.99935382604599,neutral,3,Neutral,0.7190064191818237,negative,1,Negative,0.5524863004684448,Negative,1,Negative,0.27949467301368713,3,Neutral,0.7376807186072739,3,Neutral,0.0,3,Neutral,0.57,2.75,3,Neutral,Neutral,False,True,True,False,False,True,True,True,True,"Everything is fine in size, stretches, but the most important joint - sheds! strongly molts, the whole bottom of the whites is close.",True
POSITIVE,"прекрасный отель. ранее был известен, как хайаят. отличные номера. удобное расположение в центре сочи. интересное решение ванной с возможностью сквозного прохода через неё. окна в пол. жаль только, что вид из окон сейчас на стройку, что ведётся круглосуточно с единственным перерывом с 6 до 8 утра. по этому, по возможности, бронируйте номера с видом на морской порт, а не на зимний театр. всем хорошего отдыха и приятных путешествий.",0.023,0.784,0.194,0.9485,Positive,5,5,Positive,0.9973661303520203,positive,5,Positive,0.9851565361022949,positive,5,Positive,0.9726549386978149,Positive,5,Positive,0.8155978322029114,5,Positive,0.7772010733252902,5,Positive,0.0,5,Positive,0.68,5.0,5,Positive,Positive,True,True,True,True,True,True,True,True,True,"beautiful hotel. was previously known as a hiayat. excellent rooms. convenient location in the center of Sochi. an interesting solution of the bathroom with the possibility of a through passage through it. windows to the floor. it's a pity only that the view from the windows is now on the construction site, which is conducted around the clock with a single break from 6 to 8 in the morning. therefore, if possible, book rooms with views of the seaport, not the winter theater. all good rest and pleasant travel.",True
POSITIVE,"очень хорошие место. много раз там был приятные продавцы. всё подскажут, всё расскажут.",0.0,0.678,0.322,0.734,Positive,5,5,Positive,0.9990707039833069,positive,5,Positive,0.9865258932113647,neutral,3,Neutral,0.5794016122817993,Positive,5,Positive,0.8709027171134949,3,Neutral,0.470516341675643,3,Neutral,0.0,5,Positive,0.5008238798982688,4.25,4,Positive,Positive,True,True,True,False,True,False,False,True,True,It's a very nice place. There were a lot of nice vendors there. They'll tell you everything.,True
NEGATIVE,"в ресторан люди ходят за хорошим обслуживанием и вкусной едой. к сожалению, ни одного из компонентов не было.nпринесли глянцевое липкое меню, сильно не вглядывалась, так как шли конкретно за хинкали, их и заказали. принесли унылые разбросанные хаотично по большой тарелке хинкали. по вкусу: с мясом (кроме легкого аромата кинзы никаких специй, пресно, не интересно, мяса мало катастрофически); с сыром (тут отдельная песня, сыра не видела, видела творог с водой без соли, без всего, на вкус точно так же, творог с водой)nназываетесь хинкальная, так соответствуете.nпо напиткам, заказали холодный чай (к слову, лицензии нет на алкоголь, но и не хотелось). в меню 500 мл, по факту принесли маленький стакан (в таком же подают молочный коктейль, который по меню 350 мл), мой глаз не обманешь, спросила о официанта, бармен был не приклонен в своём мнении, что это 500мл, но мы оказались правы, попросили перелить в пивной бокал с отметкой, официант извинился от себя, от заведения никаких попыток даже не было.nвремя счёта, упорно официант заявлял, что отплатить можно либо наличными, либо переводом на карту сбера (в книжечке лежала ламинированная бумажка с реквизитами), не фанат такого подхода. оплатить картой все-таки получилось, но в свой адрес услышала от официанта фразу из-за таких как вы нам нечем платить зарплату. nзаведение внимания точно не стоит",0.035,0.949,0.016,-0.3981,Negative,1,1,Negative,0.9998676776885986,neutral,3,Neutral,0.6536355018615723,negative,1,Negative,0.9327070713043213,Very Negative,1,Negative,0.5160391926765442,3,Neutral,0.5454359290063568,3,Neutral,0.0,3,Neutral,0.52,2.0,2,Negative,Negative,True,True,False,True,True,False,False,False,True,"In the restaurant people go for good service and tasty food. unfortunately, none of the components was.n brought a glossy sticky menu, did not look hard, as they went specifically for khinkali, they were ordered. brought dull scattered chaoticly on a large plate of khinkali. to taste: with meat (except for the slight aroma of cilantro, no spices, not interesting, meat is a little catastrophic); with cheese (here a separate song, I did not see cheese, or a translation of salt, without a waiter's name of 500, but we did not even ask for a drink from a drink, but we did not get it from a drink from the restaurant, but we did not get it from the restaurant, but we did not get it from the name from the restaurant, but we did not get it, but we did not hear it from the restaurant, but we did not get it from the restaurant, but we did not ask for it from the name from the drink, but we did not say that from the drink, but we did not get it from the drink, from the drink, but we did not say it, from the",True
POSITIVE,"пребывая в покое этого простого состояния, внезапно выкрикни пхат!, слог, разбивающий ум вдребезги, сильно и резко. о чудо! не осталось ничего. ум поражен, прикован к месту изумлением, но тем не менее все прозрачно и ясно. свежее, чистое и внезапное, а потому неописуемое состояние: распознай его как чистое осознание дхармакайи. это первое сущностное наставление о прямом знакомстве лицом к лицу с состоянием ригпа. итак, в тексте объясняются такие понятия, как воззрение, медитация и действие. на самом деле воззрение пронизывает все три слова, или наставления, и первое из них это прямое знакомство лицом к лицу с состоянием ригпа.",0.0,0.81,0.19,0.9222,Positive,5,3,Neutral,0.890509843826294,neutral,3,Neutral,0.8147122263908386,positive,5,Positive,0.9744412302970886,Very Positive,5,Positive,0.6439324617385864,3,Neutral,0.5470917588649948,3,Neutral,0.0,3,Neutral,0.58,3.75,4,Positive,Positive,True,False,False,True,True,False,False,False,True,"Being at rest of this simple state, suddenly shout out phat!, a syllable that breaks the mind to pieces, strongly and sharply. o miracle! there is nothing left. the mind is amazed, chained to a place of amazement, but nevertheless everything is transparent and clear. fresh, pure and sudden, and therefore indescribable state: recognize it as pure awareness of dharmakaya. this is the first essential instruction about direct acquaintance with the state of rigpa.",True
POSITIVE,всей семье нравится),0.0,0.588,0.412,0.4215,Positive,5,5,Positive,0.9989853501319885,positive,5,Positive,0.9825710654258728,positive,5,Positive,0.7761263251304626,Positive,5,Positive,0.6919582486152649,3,Neutral,0.5298840322374212,3,Neutral,0.0,3,Neutral,0.47536645372567526,4.25,4,Positive,Positive,True,True,True,True,True,False,False,False,True,The whole family likes it.,True
NEUTRAL,"заказ не пришел .заказывала 7 апреля.продавец продлевал время уверял что все придет,но так и не увидела блузку.деньги вернули,за что спасибо.на данный момент ( 5 августа) так и ничего не пришло.",0.0,0.872,0.128,0.6124,Positive,5,3,Neutral,0.9657443761825562,negative,1,Negative,0.8246222734451294,negative,1,Negative,0.8896561861038208,Negative,1,Negative,0.47150304913520813,1,Negative,0.4314337460722051,3,Neutral,0.0,1,Negative,0.5561769830199398,2.0,2,Negative,Neutral,False,True,False,False,False,False,True,False,False,"The order did not come .ordered on April 7.the seller extended the time assured that everything will come, but never saw the blouse.the money returned, for which thank you.at the moment (August 5) and nothing came.",True
NEGATIVE,"куски жира, консистенция неоднородная. не понравилась",0.0,1.0,0.0,0.0,Neutral,3,3,Neutral,0.897050678730011,neutral,3,Neutral,0.6772085428237915,neutral,3,Neutral,0.6073858141899109,Negative,1,Negative,0.534170925617218,3,Neutral,0.5197260633345542,3,Neutral,0.0,3,Neutral,0.5311164425242468,2.75,3,Neutral,Negative,False,False,False,False,True,False,False,False,False,"pieces of fat, the consistency is heterogeneous.",True
POSITIVE,"занимаюсь в think с 10 класса. хочу выразить огромную благодарность моим учителям и куратору кристине. этот год был тяжелым , но благодаря поддержке со стороны преподавателей он прошел незаметно) nкогда я обращаюсь за вопросом к кристине, она всегда отвечает и поддерживает меня nхочу также отметить атмосферу на уроках, она уютная и домашняя. nв think я познакомилась с новыми людьми и узнала много нового nбуду рекомендовать think своим знакомым )",0.018,0.695,0.286,0.9734,Positive,5,5,Positive,0.9999017715454102,positive,5,Positive,0.901962161064148,positive,5,Positive,0.9986153841018677,Positive,5,Positive,0.8248868584632874,5,Positive,0.9728484340688581,5,Positive,0.0,5,Positive,0.83,5.0,5,Positive,Positive,True,True,True,True,True,True,True,True,True,"I am engaged in thinking from the 10th grade. I want to express my great gratitude to my teachers and curator Kristina. this year was difficult, but thanks to the support from the teachers it passed unnoticed. n when I turn to Kristina for a question, she always answers and supports me n want to also note the atmosphere in the lessons, she is cozy and homely. n think I have met new people and learned a lot of new things I will recommend to my friends )",True
NEUTRAL,"xxxl на размер 46, размеры в описании не соответствуют. очень маленькое.",0.0,1.0,0.0,0.0,Neutral,3,3,Neutral,0.8940204381942749,negative,1,Negative,0.6007831692695618,negative,1,Negative,0.8697399497032166,Negative,1,Negative,0.747807502746582,3,Neutral,0.7047840661613617,3,Neutral,0.0,3,Neutral,0.8095755832342378,2.25,2,Negative,Neutral,True,True,False,False,False,True,True,True,False,"xxxl size 46, the dimensions in the description do not match. very small.",True
NEUTRAL,качество ткани не удовлетворяет - синтетика. а так вполне даже ничего),0.163,0.837,0.0,-0.3252,Negative,3,3,Neutral,0.9178062677383423,neutral,3,Neutral,0.7925297617912292,neutral,3,Neutral,0.5941526293754578,Negative,1,Negative,0.8304910063743591,3,Neutral,0.8044719574803828,3,Neutral,0.0,3,Neutral,0.5798664609530414,2.75,3,Neutral,Neutral,False,True,True,True,False,True,True,True,True,"The quality of the fabric is not satisfied - synthetics, and so quite nothing",True
NEGATIVE,"сограждане! вы с ума сошли писать такие шикарные отзывы в адрес вещи, крой которой ломает все принципы комфортной и сезонной одежды! ? просто нет слов, как я попала, и на время, и на деньги! мега жалею, что повелась на все предыдущие хвалебные оды и заказала. причём доплатила за срочную доставку (7-15 дней). продавец целую неделю только обрабатывал заказ! куртка нужна была в моё путешествие, а пришла .спустя 42 дня! уже вернулась из поездки! и вот этот кошмар. плечи голые, капюшон как-будто крыша палатки, окат рукава повернут вперёд. от линии груди вообще мегабалахон, поэтому можно забыть о тепле!(( как можно радоваться вещи, которая всего лишь навсего не похожая на всё остальное, ну, типа того - креативная ? (((( открыла спор - хотела вернуть товар! но алиэкспресс забыл о законе прав потребителя и отклонил спор, написала апелляцию, жду на чьей же стороне будет закон не международный, а исключительно закон алиэкспресса! капец, товарищи.! ((( делайте выводы!",0.131,0.822,0.047,-0.9056,Negative,1,1,Negative,0.9999488592147827,negative,1,Negative,0.7898653149604797,negative,1,Negative,0.9441404938697815,Very Negative,1,Negative,0.9042165875434875,1,Negative,0.8118477051323676,1,Negative,0.0,1,Negative,0.8,1.0,1,Negative,Negative,True,True,True,True,True,True,True,True,True,"compatriots! you are crazy to write such chic reviews about the thing, the cut of which breaks all the principles of comfortable and seasonal clothing! ? there are simply no words how I got, and for time and money! mega regret that I fell for all the previous praise odes and ordered. and paid for urgent delivery (7-15 days). the seller for a whole week only processed the order! the jacket was needed on my trip, and came . after 42 days! and this nightmare. shoulders are bare, hood - how do you forget about the rest of the house, so you can not forget about everything. (((I opened a dispute - wanted to return the goods!), but Aliexpress forgot about the law of consumer rights and rejected the dispute, wrote an appeal, I expect on whose side the law will not be international, but exclusively the law of Aliexpress! (Draw conclusions!)",True
POSITIVE,номера чистые. расположение удобное и заезд на авто и пешком прогулятся. завтрак не богатый но добротный и свтный. приветливый персонал. хороший вариант для командировок. но не во всех номерах устойчивый wifi,0.172,0.548,0.279,0.7244,Positive,5,5,Positive,0.9758366346359253,positive,5,Positive,0.9384776949882507,positive,5,Positive,0.5805457234382629,Positive,5,Positive,0.9141215085983276,3,Neutral,0.7444734933893677,3,Neutral,0.0,5,Positive,0.51,4.5,4,Positive,Positive,True,True,True,True,True,False,False,True,True,rooms clean. location is convenient and check-in by car and walk. breakfast is not rich but good and friendly. friendly staff. good option for business trips. but not in all rooms stable wifi,True
NEUTRAL,долго шел и очень тонкий материал,0.0,1.0,0.0,0.0,Neutral,3,3,Neutral,0.9293850660324097,neutral,3,Neutral,0.8864859938621521,neutral,3,Neutral,0.6118752956390381,Positive,5,Positive,0.7199400663375854,3,Neutral,0.7103483047553074,3,Neutral,0.0,3,Neutral,0.6505579004445223,3.25,3,Neutral,Neutral,True,True,True,True,False,True,True,True,True,It was a long time and very thin material.,True
NEUTRAL,"цвет совершенно не похож! заказала purple,а на деле это светло-розовый. заказывала размер l,но зря,нужно было m. этот большеват. но в целом неплохо. ну и ждала заказ два месяца. это долго,я считаю:(",0.095,0.8,0.105,0.0943,Neutral,3,3,Neutral,0.9909723997116089,neutral,3,Neutral,0.6930648684501648,neutral,3,Neutral,0.7557891607284546,Positive,5,Positive,0.5077250599861145,3,Neutral,0.6941483623164321,3,Neutral,0.0,3,Neutral,0.48,3.25,3,Neutral,Neutral,True,True,True,True,False,True,True,True,True,"The color is completely different! ordered purple, but in fact it is light pink. ordered the size of l, but in vain, it was necessary m. this is big, but overall not bad.",True
NEUTRAL,"тот, кто щеголяет эрудицией или учёностью, не имеет ни того, ни другого. э.хеммингуэй",0.0,1.0,0.0,0.0,Neutral,3,3,Neutral,0.9999767541885376,neutral,3,Neutral,0.683276891708374,neutral,3,Neutral,0.9940504431724548,Very Negative,1,Negative,0.5177655220031738,3,Neutral,0.5298840322374212,3,Neutral,0.0,3,Neutral,0.4753664537256753,2.75,3,Neutral,Neutral,True,True,True,True,False,True,True,True,True,He who flaunts erudition or learning has neither. - Hemmingway,True
NEUTRAL,как это ты в контакт попал!?,0.0,1.0,0.0,0.0,Neutral,3,3,Neutral,0.9999675750732422,neutral,3,Neutral,0.8836265802383423,positive,5,Positive,0.6132363080978394,Very Negative,1,Negative,0.6235342025756836,3,Neutral,0.5324676249252339,3,Neutral,0.0,3,Neutral,0.6196988381327118,3.0,3,Neutral,Neutral,True,True,True,False,False,True,True,True,True,How did you get in touch?,True
POSITIVE,"мягкий, приятный к телу. на 42 российский м в самый раз. рост 160. если выше, рукава были бы короткими.",0.0,0.848,0.152,0.5267,Positive,5,5,Positive,0.9982317090034485,positive,5,Positive,0.9854034185409546,positive,5,Positive,0.9847785830497742,Positive,5,Positive,0.8466308116912842,5,Positive,0.8592375208082745,5,Positive,0.0,5,Positive,0.88,5.0,5,Positive,Positive,True,True,True,True,True,True,True,True,True,"Soft, pleasing to the body. at 42 Russian meters just right. height 160. if higher, the sleeves would be short.",True
NEUTRAL,не впечатлил. брать больше не буду,0.299,0.701,0.0,-0.3724,Negative,1,3,Neutral,0.9743044376373291,neutral,3,Neutral,0.7493250966072083,neutral,3,Neutral,0.5479122996330261,Negative,1,Negative,0.8694582581520081,5,Positive,0.4627976556517608,5,Positive,0.0,1,Negative,0.5227497678483334,2.75,3,Neutral,Neutral,False,True,True,True,False,False,False,False,True,I'm not impressed. I won't take it anymore.,True
NEUTRAL,"вкус средний,мало копченый,а в одном заказе почти без соли?!",0.0,1.0,0.0,0.0,Neutral,3,3,Neutral,0.9948047995567322,neutral,3,Neutral,0.782319962978363,neutral,3,Neutral,0.615736722946167,Negative,1,Negative,0.4470783472061157,3,Neutral,0.5839638914830726,3,Neutral,0.0,3,Neutral,0.5200892848099418,2.75,3,Neutral,Neutral,True,True,True,True,False,True,True,True,True,"The taste is medium, little smoked, and in one order almost without salt?",True
POSITIVE,"заезжали семьёй пообедать по пути в москву. остались сытые и довольные. понравилась концепция как организованы бизнес-ланчи, типо как отдельно небольшое меню с ценами практически как в столовой. из еды особенно понравился суп кукси: легкий, холодный, пикантный: самое то в жару. подача бизнеса очень быстрая, 7-10 минут. есть детское меню, детский стульчик. внимательный и доброжелательный персонал. жаль, что мы только проездом. такой ресторан хочется иметь рядом с домом. из минусов маленькая парковка.",0.027,0.79,0.183,0.8979,Positive,5,5,Positive,0.9907863736152649,positive,5,Positive,0.8628817200660706,positive,5,Positive,0.6840130686759949,Very Negative,1,Negative,0.29456090927124023,3,Neutral,0.5550882898716271,3,Neutral,0.0,5,Positive,0.59,4.0,4,Positive,Positive,True,True,True,True,False,False,False,True,True,"I liked the concept of how business lunches are organized, like a separate small menu with prices almost like in the dining room. from food I especially liked the soup of kuksi: light, cold, piquant: it's in the heat. the presentation of business is very fast, 7-10 minutes. there is a children's menu, a children's chair. attentive and friendly staff. it's a pity that we only pass. such a restaurant I want to have a small parking lot near the house.",True
NEUTRAL,"неплохая, но производитель отрезал угол у прямоугольной формы пастилы, чтобы получилось 199 грамм (мы взвесили на весах), да, в 200 грамм они уложились, но получился колхоз. если кто будет брать в подарок - осторожнее, внутри может быть сюрприз и форма совершенно произвольная (с отрезанными уголками).",0.076,0.672,0.252,0.906,Positive,5,3,Neutral,0.9886837601661682,neutral,3,Neutral,0.7660351395606995,neutral,3,Neutral,0.6407637000083923,Neutral,3,Neutral,0.8171048760414124,3,Neutral,0.4766983673200203,3,Neutral,0.0,3,Neutral,0.4427105364252072,3.25,3,Neutral,Neutral,False,True,True,True,True,True,True,True,True,"good, but the manufacturer cut off the angle of the rectangular shape of the pastile to get 199 grams (we weighed on the scale), yes, 200 grams they fit, but it turned out kolkhoz. if anyone takes as a gift - more careful, inside there may be a surprise and the shape is completely arbitrary (with cut corners).",True
NEUTRAL,"пришло за 25 дней в подмосковье. по качеству несколько разочаровало и сидит как то странновато, цвет блёклый. может быть , если брать на размер и меньше , то сидела в бы лучше. но я хотела не в обтяг и плечи у меня широкие. размеры 98- 89-106. было пятно и торчащие нитки. синтетика, но вроде теплая. правда продавец адекватный, согласился на частичную компенсацию.",0.086,0.745,0.169,0.7043,Positive,5,3,Neutral,0.9998606443405151,positive,5,Positive,0.6749418377876282,neutral,3,Neutral,0.9333314895629883,Negative,1,Negative,0.7692669034004211,3,Neutral,0.5316195305912109,3,Neutral,0.0,3,Neutral,0.41,3.25,3,Neutral,Neutral,False,True,False,True,False,True,True,True,True,"came for 25 days in the suburbs. quality somewhat disappointed and sits somehow strange, the color faded. maybe, if you take the size and less, it would sit better. but I wanted not to fit and shoulders I have wide. sizes 98-89-106. there was a spot and sticking out threads. synthetics, but kind of warm. truth the seller adequate, agreed to partial compensation.",True
NEGATIVE,"были сегодня с мамой в данном заведении и очень сильно разочаровались. лет 5 назад здесь был самый вкусный цезарь в нашем городе! сейчас просто ужас! nзаказали по цезарю с курицей и яйцом пашот и капучино. принесли цезарь, он был полит соусом спайси (во-первых, он острый, во-вторых, в нём была икра масаго), режу яйцо, а оно просто сварено всмятку, очень интересно, конечно)) цезари нам, конечно, переделали, но соус был всё равно какой-то непонятный, жёлтого цвета, похож на сырный и в моей порции не оказалось помидорок черри, на вопрос почему так вышло, официант сказала, что их хватило лишь на одну порцию для моей мамы. почему тогда салат не поставили в стоп-лист, мне непонятноnкапучино мне принесли в кружке со сколами(( nтакже хотелось бы добавить, что запах в заведении отвратительныйnчто стало с этим кафе?!? очень грустно!",0.038,0.824,0.138,0.9076,Positive,5,1,Negative,0.8136850595474243,negative,1,Negative,0.5468141436576843,negative,1,Negative,0.9960570335388184,Very Negative,1,Negative,0.8132488131523132,3,Neutral,0.4849690302590699,1,Negative,0.0,1,Negative,0.57,1.75,2,Negative,Negative,False,True,True,True,True,False,True,True,True,"5 years ago there was the most delicious Caesar in our city! now just a horror! n ordered Caesar with chicken and egg poach and cappuccino. brought Caesar, he was watered with spice sauce (firstly, he was spicy, secondly, he had masago caviar), I cut an egg, and it is just soft-boiled, very interesting, of course) Caesars brought us, but also the sauce was brought Caesar, it was watered with a spice sauce, it was not so bad for my mother's sake, it was not so sad that I did not have to add to my cheese?",True
POSITIVE,"пришло быстро , но на об 96 , размер 29 оч туго , надо брать след размер, очень тонкие , на рост 160 см до косточки , тем кто выше будут оч короткие.",0.0,1.0,0.0,0.0,Neutral,3,5,Positive,0.9967664480209351,neutral,3,Neutral,0.6181281208992004,neutral,3,Neutral,0.6486658453941345,Positive,5,Positive,0.5078665614128113,5,Positive,0.5941237979942419,5,Positive,0.0,5,Positive,0.49,4.25,4,Positive,Positive,False,True,False,False,True,True,True,True,True,"came quickly, but at about 96, the size of 29 points is tight, you need to take a trace size, very thin, on the height of 160 cm to the bone, those above will be eye short.",True
NEGATIVE,не вкусно. очень соленая и влажная.,0.0,1.0,0.0,0.0,Neutral,3,1,Negative,0.9895234704017639,neutral,3,Neutral,0.5184767246246338,negative,1,Negative,0.9599471688270569,Negative,1,Negative,0.7667405605316162,3,Neutral,0.4096313282204117,3,Neutral,0.0,3,Neutral,0.48280988330245606,2.25,2,Negative,Negative,False,True,False,True,True,False,False,False,True,Not tasty. Very salty and wet.,True
NEGATIVE,всё! только плохо открывается!,0.412,0.588,0.0,-0.2746,Negative,3,1,Negative,0.9993576407432556,negative,1,Negative,0.6007674336433411,negative,1,Negative,0.9839150905609131,Very Negative,1,Negative,0.5960798263549805,3,Neutral,0.5962777662763838,3,Neutral,0.0,1,Negative,0.5600349698686728,1.75,2,Negative,Negative,True,True,True,True,True,False,False,True,True,It doesn't open well!,True
POSITIVE,"недавно впервые купили попробовать, до этого брали молоко другого производителя. понравилось. ничего лишнего в составе - ни сухого молока, ни пальмового масла. вкус натуральный, посторонних вкусов-запахов нет. объем интересный, обычно теперь встречается 0.9 литра, 850 грамм и т.п. тут хоть понятно, за что платишь. для меня еще положительный момент - упаковка красивая и удобная.",0.073,0.701,0.227,0.9231,Positive,5,5,Positive,0.99883633852005,positive,5,Positive,0.9716065526008606,positive,5,Positive,0.9961631298065186,Positive,5,Positive,0.7604210376739502,3,Neutral,0.3717326606423493,5,Positive,0.0,3,Neutral,0.57,4.5,4,Positive,Positive,True,True,True,True,True,False,True,False,True,"recently bought for the first time to try, before that took milk from another manufacturer. liked. nothing superfluous in the composition - no powdered milk, no palm oil. taste natural, foreign tastes-smells there. the volume is interesting, usually now there is 0.9 liters, 850 grams, etc. Here at least it is clear what you pay. for me another positive point - the packaging is beautiful and convenient.",True
NEUTRAL,костюмчик на свадьбу,0.0,1.0,0.0,0.0,Neutral,3,3,Neutral,0.9841563105583191,neutral,3,Neutral,0.7123275995254517,neutral,3,Neutral,0.8270726799964905,Neutral,3,Neutral,0.5650730133056641,3,Neutral,0.5298840322374212,3,Neutral,0.0,3,Neutral,0.47536645372567526,3.0,3,Neutral,Neutral,True,True,True,True,True,True,True,True,True,wedding-suit,True
NEGATIVE,"на картинке товар, явно больше чем, фактический размер изделия.",0.0,0.803,0.197,0.4019,Positive,5,3,Neutral,0.982611358165741,neutral,3,Neutral,0.8108906745910645,neutral,3,Neutral,0.5248571038246155,Negative,1,Negative,0.6438734531402588,3,Neutral,0.6827611647270803,3,Neutral,0.0,1,Negative,0.43211496440568226,2.75,3,Neutral,Negative,False,False,False,False,True,False,False,True,False,The product is clearly larger than the actual size of the product.,True
NEGATIVE,вид нормальный а есть не возможно. такого еще не было. кислинка а остального вкуса нет . ребенок назвал его- пластиковые мешечки наполненые кислой травой,0.109,0.891,0.0,-0.4215,Negative,1,3,Neutral,0.9951332211494446,neutral,3,Neutral,0.7574461102485657,negative,1,Negative,0.7677854895591736,Negative,1,Negative,0.6278901696205139,3,Neutral,0.7070791855650104,3,Neutral,0.0,5,Positive,0.5744209643103293,2.5,2,Negative,Negative,True,False,False,True,True,False,False,False,True,"It's normal, but it's not possible. It's not sour, and there's no other taste. The child called it plastic bags filled with sour grass",True
NEUTRAL,"качество хорошее, подошло на 44 размер, а у меня 58",0.0,0.756,0.244,0.4404,Positive,5,5,Positive,0.9749990105628967,positive,5,Positive,0.583884060382843,positive,5,Positive,0.9730097651481628,Positive,5,Positive,0.8947552442550659,3,Neutral,0.6118151480261288,3,Neutral,0.0,5,Positive,0.5202376999375649,4.5,4,Positive,Neutral,False,False,False,False,False,True,True,False,False,"The quality is good, it fits 44, and I have 58.",True
NEUTRAL,"два мэтра французского кино сталкиваются на экране. и такое столкновение не могло обойтись без последствий и не привлечь к себе внимания всех любителей жанра комедии. сюжет фильма вполне зауряден: снова две полные противоположности, олицетворенные игрой рено и депардье вынуждены бок о бок давать отпор супостатам, а конкретно служителям закона и бандитам. вдвоем против всех, помощи ждать не от кого, и всем очень хочется счастливого финала. однако на сей раз в этаком шаблоне произошли определенные изменения, которые в фильмах такого рода попадаются довольно редко: один-то, как и положено, не доволен ни своей жизнью, ни своим напарником, но вот второй да он просто в восторге и от того, и от другого! (кажется, несложно догадаться, какой персонаж достался какому из актеров.) а благодаря такому, на первый взгляд, незначительному изменению действие картины погружается в некую совершенно незаурядную атмосферу. так что этот комедийный боевик, а скорее даже боевичная комедия, наполненная безобидным французским юмором, проникновенными взглядами рено и наивными улыбками депардье, просто создана для того, чтобы поднять настроение любому, даже самому придирчивому зрителю.",0.046,0.856,0.098,0.7494,Positive,5,3,Neutral,0.9999160766601562,neutral,3,Neutral,0.5892503261566162,positive,5,Positive,0.993176281452179,Negative,1,Negative,0.521854043006897,3,Neutral,0.463789221516961,3,Neutral,0.0,3,Neutral,0.36,3.25,3,Neutral,Neutral,False,True,True,False,False,True,True,True,True,"Two masters of French cinema collide on the screen. and such a clash could not do without consequences and not attract the attention of all lovers of the comedy genre. the plot of the film is quite ordinary: again, two complete opposites, personified by the game of Renault and Depardieu, are forced side by side to fight back sudostats, and specifically the servants of the law and bandits. together, the help is not expected from anyone, and everyone really wants a happy ending. However, this time certain changes have occurred in films of this kind quite rarely: one, as it is necessary, humor, not even filled with a combative atmosphere, but rather from the first one of the actor, he does not get so much from his own gaze, but rather from his own eyes.",True
NEGATIVE,"добрый день!nобслуживание и отношение к покупателям ниже некуда! просто на нуле. подходишь сделать заказ, тебя просто не замечают. повар готовит, кассир отсутствует за кассой. и никто ни кого звать не собирается. через время кассир выходит к кассе с неприветливым лицом и видом и такой у них весь неприветливый и недружелюбный персонал! принимает заказ, спрашиваю про лапшу, на что получаю ответ: вы у нас не первый раз покупаете, мол что спрашиваете ? уважаемое руководство! обратите внимание на работу вашего персонала, он делаете все, чтобы отбить желание приходить к вам снова!",0.107,0.827,0.066,-0.6035,Negative,1,1,Negative,0.9978627562522888,negative,1,Negative,0.7363046407699585,negative,1,Negative,0.9960660338401794,Very Negative,1,Negative,0.8104180693626404,1,Negative,0.8595364123902935,1,Negative,0.0,1,Negative,0.67,1.0,1,Negative,Negative,True,True,True,True,True,True,True,True,True,"Good day!n service and attitude to customers is nowhere below! just zero. you come to make an order, you just do not notice. the cook cooks, the cashier is absent at the cashier. and no one is going to call. after a while, the cashier goes to the cashier with an inhospitable face and appearance and such they have all the unfriendly and unfriendly staff! accepts the order, asks about noodles, to which I get the answer: you are not the first time buying from us, so you ask? Pay attention to the work of your staff, they do everything to discourage the desire to come to you again!",True
NEUTRAL,"нужно больше персонажейдля просмотра следует откинуть любой здравый смысл в происходящем, либо вы зависните на серии с дебилами-инженерами, которые конструируют луноход в nasa.слишком медленное повествование, буквально в каждой серии половина событий заполнены флешбеками и вводом новых персонажей, некоторые из которых вообще не нужны для сюжета. так же, в случае какого-либо события, которое ведет к предыдущим событиям, вас ждет компиляция на несколько минут.в итоге, после 40-50 серии уже на автомате можно скипать целые куски хронометража, а то и сразу пару серий.возможно, когда-нибудь выйдет компиляция всего этого безобразия.",0.033,0.967,0.0,-0.25,Negative,3,3,Neutral,0.9999452829360962,neutral,3,Neutral,0.6523914337158203,negative,1,Negative,0.7013013362884521,Neutral,3,Neutral,0.7765023708343506,1,Negative,0.4243455910515537,1,Negative,0.0,3,Neutral,0.5228399207951546,2.25,2,Negative,Neutral,False,True,True,False,True,False,False,True,False,"You need more characters to view should discard any common sense in what is happening, or you hang on the series with morons-engineers who design the rover in nasa.Too slow narrative, literally in each series half of the events are filled with flashbacks and the introduction of new characters, some of which are not necessary for the plot at all.",True
NEGATIVE,это просто ужас. продавец просто жуть. товар не отправил а за эту цену прислал открытку и резинку. дорого у нас резинки стоят. жду возврат денег,0.199,0.801,0.0,-0.7351,Negative,1,1,Negative,0.9987145662307739,negative,1,Negative,0.9255985617637634,negative,1,Negative,0.9952335953712463,Very Negative,1,Negative,0.8659750819206238,1,Negative,0.9540861923568404,1,Negative,0.0,1,Negative,0.82,1.0,1,Negative,Negative,True,True,True,True,True,True,True,True,True,It's just terrible. The seller is just terrible. The goods did not send and for this price sent a postcard and rubber band. We have expensive rubber bands.,True
NEGATIVE,"защита закончилась, а мне ничего так и не пришло. открыла спор, вернули деньги",0.167,0.741,0.093,-0.296,Negative,3,1,Negative,0.8263925313949585,negative,1,Negative,0.799083948135376,negative,1,Negative,0.9485482573509216,Very Negative,1,Negative,0.5014991760253906,1,Negative,0.7005247257953373,1,Negative,0.0,1,Negative,0.74,1.25,1,Negative,Negative,True,True,True,True,True,True,True,True,True,"The defense ended and nothing came to me. opened the dispute, returned the money.",True
NEGATIVE,"прошлым летом купались только здесь, было отличное место: чистейшая вода без водорослей, мало народу, тенёк в лесу, где можно было отдохнуть. nnприехав в этом году, очень расстроились. повсюду разруха, всё перекопано, вода грязная, горы земли, деревья вырублены.",0.176,0.708,0.115,-0.4005,Negative,1,1,Negative,0.9996933937072754,negative,1,Negative,0.5073674917221069,negative,1,Negative,0.9602794051170349,Positive,5,Positive,0.7198747992515564,1,Negative,0.6645917469990736,1,Negative,0.0,3,Neutral,0.59,1.75,2,Negative,Negative,True,True,True,True,False,True,True,False,True,"Last summer, we bathed only here, there was a great place: the cleanest water without algae, few people, a shadow in the forest where you could relax. nn arrived this year, very upset. everywhere the devastation, everything is dug up, the water is dirty, mountains of land, trees are cut down.",True
NEUTRAL,"столовая так себе. стоянка. пойдёт. хоть интернет есть иногда. в снегопад порадовали, снег чистили хорошо. тракторист 5",0.0,0.711,0.289,0.8543,Positive,5,3,Neutral,0.9999686479568481,positive,5,Positive,0.5324118137359619,positive,5,Positive,0.8296991586685181,Neutral,3,Neutral,0.30436262488365173,3,Neutral,0.7448672847195946,3,Neutral,0.0,3,Neutral,0.7391931406203901,3.75,4,Positive,Neutral,False,True,False,False,True,True,True,True,False,"The dining room is so kind. parking. will go. although there is Internet sometimes. in the snow was pleased, the snow was cleaned well. tractor driver 5",True
NEUTRAL,на бедра 102-малы(,0.0,1.0,0.0,0.0,Neutral,3,3,Neutral,0.9913076758384705,neutral,3,Neutral,0.8176664113998413,neutral,3,Neutral,0.6582130193710327,Neutral,3,Neutral,0.6441043019294739,3,Neutral,0.5298840322374212,3,Neutral,0.0,3,Neutral,0.47536645372567526,3.0,3,Neutral,Neutral,True,True,True,True,True,True,True,True,True,on the thighs of 102-male,True
POSITIVE,"существуют два метода для введения наитончайшего ветра и ума в ясный свет: тотальность последующее растворение a. тотальность сделайте так, чтобы ваши тело, речь и ум были нераздельны от тела, речи и ума всех существ. медитируйте, что ваш аспект тела, это вайрочана, аспект речи, это амитабха, и аспект ума, это акшобхья, и все это самайясаттвы. в их сердцах, соответственно, расположены слоги om, ah и hum, являющиеся джнянасаттвами. медитируйте, что внутри кругов каждого из трех слогов находится короткое a, испускающее нерушимый звук. далее, из слогов om, ah и hum исходит свет. самайясаттвы растворяются от макушек головы вниз и от стоп ног вверх в джнянасаттв, расположенных в сердце.",0.0,0.951,0.049,0.6124,Positive,5,5,Positive,0.9930503368377686,neutral,3,Neutral,0.5489081144332886,positive,5,Positive,0.9492471218109131,Neutral,3,Neutral,0.9312086701393127,3,Neutral,0.5225658531042675,3,Neutral,0.0,3,Neutral,0.48,3.75,4,Positive,Positive,True,True,False,True,False,False,False,False,True,"There are two methods for introducing the finest wind and mind into a clear light: totality the subsequent dissolution a. totality make your body, speech and mind inseparable from the body, speech and mind of all beings. meditate that your aspect of the body is vairochana, the aspect of speech, it is amitabha, and the aspect of the mind, it is an akshobhya, and all this samayasattva. in their hearts, respectively, are the syllables om, ahnananasattvas. meditate that inside of each one's head is rotated upwardly from the glow, and the glowing of the nails, and then from the glow.",True
NEGATIVE,"худшей шаурмы не ела в жизни, я взяла сырную, она вообще пустая, только сыр, намек наn непонятный вид мяса, кожура от помидоров, человек, который делал, в середине процесса готовки снял перчатки, и дальше мастерил руками. в общем никогда! не кушайте там, даже если будете умирать с голоду",0.114,0.886,0.0,-0.7096,Negative,1,1,Negative,0.999876856803894,negative,1,Negative,0.8002175092697144,negative,1,Negative,0.9876454472541809,Very Negative,1,Negative,0.4712790548801422,1,Negative,0.4950291896150269,3,Neutral,0.0,3,Neutral,0.51,1.5,2,Negative,Negative,True,True,True,True,True,True,False,False,True,"The worst shawarma has never eaten in my life, I took cheese, it is generally empty, only cheese, a hint of an incomprehensible kind of meat, peel from tomatoes, the person who did, in the middle of the cooking process took off his gloves, and then made with his hands.",True
POSITIVE,"куртка супер, отличное качество, на свой размер 48-50, заказала 3xl, села свободно, доставка очень быстрая, за 14 дней в тверскую область, спасибо продавцу",0.0,0.632,0.368,0.9246,Positive,5,5,Positive,0.9992311000823975,positive,5,Positive,0.996245801448822,positive,5,Positive,0.9974404573440552,Positive,5,Positive,0.5266438126564026,5,Positive,0.9317420539214204,5,Positive,0.0,5,Positive,0.84,5.0,5,Positive,Positive,True,True,True,True,True,True,True,True,True,"jacket super, excellent quality, at its size 48-50, ordered 3xl, sat free, delivery is very fast, 14 days in the Tver region, thank you to the seller",True
POSITIVE,"шикарно,тот редкий случай когда можно смотреть бесконечно,очень жаль,что всего 12 серий,это как с ""дерёвня"" никогда не надоест. имхо сериал по началу казавшийся очередным банальным слайсиком про милых девочек оказался очень глубоким и душевным произведением,одно из лучших в сезоне. даже придраться не к чему,персонажи замечательные,рисовка,музыка,атмосфера и конечно же рассказываемые истории очень хороши. так же хочется отметить,что от серии к серии сериал становился всё лучше и лучше,без провисаний и стандартного слива в концовке,тоже знаете ли редкое явление.",0.057,0.667,0.276,0.9565,Positive,5,5,Positive,0.9999308586120605,positive,5,Positive,0.8427018523216248,positive,5,Positive,0.9996862411499023,Very Positive,5,Positive,0.6069285869598389,5,Positive,0.7109963453111202,5,Positive,0.0,3,Neutral,0.74,4.75,5,Positive,Positive,True,True,True,True,True,True,True,False,True,"chic, that rare case when you can watch endlessly, it's a pity that only 12 episodes, it's like from the ""village"" never get tired. imho series at first seemed like another banal slice about cute girls was a very deep and soulful work, one of the best in the season. even find fault, the characters are wonderful, drawing, music, atmosphere and of course the stories told are very good.",True
NEGATIVE,"свр не понравился - ни вкуса, ни радости",0.0,0.442,0.558,0.743,Positive,5,1,Negative,0.9271917343139648,neutral,3,Neutral,0.5868089199066162,negative,1,Negative,0.6348420977592468,Negative,1,Negative,0.6078081130981445,3,Neutral,0.5298840322374212,3,Neutral,0.0,3,Neutral,0.4753664537256753,2.5,2,Negative,Negative,False,True,False,True,True,False,False,False,True,I didn’t like the taste or the joy.,True
NEUTRAL,"замечательная и в тоже время грустная история с глубоким смыслом. жизненная и реалистичная. трогает за душу. манга рассказывает о двух людях, обвиняющих мир в своих несчастьях и потерявших желание жить дальше. один - преступник, разочарованный в обществе, другая - популярная некогда пианистка, ненавидящая свою мать. оба делают попытки убить себя, но встретившись, обретают друг в друге силы и желание жить дальше. они нашли друг друга и почувствовали себя живыми. и это всё благодаря общению. жизнь жестока, как и печальна участь героев этой манги, но не стоит тратить её напрасно. если хорошо задуматься, в этом мире множество всего, ради чего действительно стоит жить. сюжет идеально подобран, что полностью погружаешься в этот грустный и жестокий мир! рисовка красивая и лёгкая. было ощущение будто бы я находилась в комнате и видела всё своими глазами что там происходит. бесподобно описаны чувства героев. огромное спасибо автору.",0.145,0.605,0.249,0.9577,Positive,5,3,Neutral,0.9997461438179016,positive,5,Positive,0.39867687225341797,positive,5,Positive,0.9962213039398193,Very Negative,1,Negative,0.7410961389541626,5,Positive,0.5593657900588983,5,Positive,0.0,5,Positive,0.45,4.25,4,Positive,Neutral,False,True,False,False,False,False,False,False,False,"a wonderful and at the same time sad story with a deep meaning. vital and realistic. touches for the soul. the manga tells about two people who accuse the world of their misfortunes and lost the desire to live on. one is a criminal, disappointed in society, the other is a popular once pianist who hates her mother. both make attempts to kill themselves, but when they meet, find strength in each other and the desire to live on. they found each other and felt alive. and this is all thanks to communication. life is cruel, as well as the sad fate of the heroes of this manga, but not to spend on it is a huge feeling that I was really beautiful in this world.",True
NEUTRAL,"'шепчущий во тьме' - дебютная работа шона брэнни. я решил посмотреть фильм, потому что раннее не смотрел ни одной экранизации лавкрафта, которого люблю и уважаю. сам рассказ интересен. хорошо, что его экранизировали. но здесь же есть одно 'но'. семьдесят процентов рассказа - переписка! из-за этого с динамикой в фильме было плохо. правда. фильм очень скучный, особенно для неподготовленного зрителя. экшна было минут восемь. это очень и очень мало в любом случае. спецэффекты на крайне низком уровне. инопланетные создания выглядят уныло. машина, что создал учёный, вопреки ожиданиям, выглядела неубедительно. для 2011 года - позор, на мой взгляд. актёры для такого фильма были недурны. наверное, они пересмотрели много фильмов тридцатых годов, чтоб так играть. таким образом, данная картина - не лучшая экранизация лавкрафта. но я надеюсь, что будут экранизации и получше. 5 из 10",0.064,0.782,0.154,0.5635,Positive,5,3,Neutral,0.9989866614341736,negative,1,Negative,0.7006118893623352,negative,1,Negative,0.9956068396568298,Negative,1,Negative,0.6702516078948975,1,Negative,0.5190750173394523,1,Negative,0.0,3,Neutral,0.54,2.0,2,Negative,Neutral,False,True,False,False,False,False,False,True,False,"""Whispering in the Dark"" - the debut work of Sean Brannie. I decided to watch the film because I had never seen a film adaptation of lovecraft, which I love and respect. the story itself is interesting. it's good that it was filmed. but here there is one ""but"" seventy percent of the story - correspondence! because of this with the dynamics in the film was bad. 5 out of 10",True
NEUTRAL,не важно что у тебя будет гораздо важнее кем ты станешь.,0.097,0.903,0.0,-0.0191,Neutral,3,3,Neutral,0.999995231628418,neutral,3,Neutral,0.8887163400650024,positive,5,Positive,0.5229594111442566,Negative,1,Negative,0.8885326981544495,3,Neutral,0.6317905958037311,3,Neutral,0.0,3,Neutral,0.7113373758905513,3.0,3,Neutral,Neutral,True,True,True,False,False,True,True,True,True,It doesn't matter if you have more than who you become.,True
NEUTRAL,"пойдёт но у кого грудь висячая то получается как будто вообще без всего, не поддерживает как фото",0.132,0.868,0.0,-0.438,Negative,1,3,Neutral,0.9988947510719299,neutral,3,Neutral,0.6935210824012756,neutral,3,Neutral,0.7718425393104553,Very Negative,1,Negative,0.5082778334617615,3,Neutral,0.473282138605698,3,Neutral,0.0,3,Neutral,0.5628256213077543,2.5,2,Negative,Neutral,False,True,True,True,False,True,True,True,False,"It will go but who has hanging breasts it turns out as if without everything, does not support as a photo.",True
POSITIVE,моя маленькая прелесть)),0.0,0.363,0.637,0.5434,Positive,5,5,Positive,0.9975407123565674,positive,5,Positive,0.9787635803222656,positive,5,Positive,0.6219898462295532,Negative,1,Negative,0.33675476908683777,5,Positive,0.6652185630124597,5,Positive,0.0,5,Positive,0.9448252771155365,4.5,4,Positive,Positive,True,True,True,True,False,True,True,True,True,My little beauty.,True
NEUTRAL,"довольно слабенько.рисовку и экшен завезли, а на режиссуре сэкономили.сюжет, в принципе, тоже более-менее не плох. и, в целом, фильм мог бы выйти хорошим, но, как мне показалось, авторы ошиблись с целевой аудиторией. точнее, не рассчитали свои силы. или наоборот - посчитав, что ниосилят сделать подростковый фильм, или фильм ""для всей семьи"" (что, в принципе, напрашивалось с таким-то сюжетом и рисовкой), по ходу дела, решили переориентироваться на младшую аудиторию, рассудив, что на это все косяки списать будет можно. но но делать детскую сказку, это не значит сыпать глупости в сюжет. и что о логичности и реалистичности происходящего не заботится можно, это тоже не значит. тут бы им у миядзаки поучиться (хотя, он-то детские сказки семейными делал.).ну и получилось, в общем, ни то, ни сё.глянуть конечно можно - на самом деле, довольно приятно смотрится, но частенько, особенно под конец - в самых драматичных моментах, придётся закрывать глаза рукой на всякие переигрывания и нелепицы.610ах, даsiliciumгг уродина.да ещё и с вредным характером. - не правда.ну и ещё, можно заметить, что здесь отсылок к другим анимаи много.странно, кстати. что летающем велосипеде, они на фоне луны не пролетели. я был уверен, что пролетят.",0.086,0.872,0.042,-0.7963,Negative,1,3,Neutral,0.9999237060546875,neutral,3,Neutral,0.7937479019165039,negative,1,Negative,0.9949610233306885,Negative,1,Negative,0.8653148412704468,3,Neutral,0.6688079570086167,3,Neutral,0.0,3,Neutral,0.5845690543737545,2.25,2,Negative,Neutral,False,True,True,False,False,True,True,True,False,"The plot, in principle, is also more or less not bad. and, in general, the film could come out good, but, as it seemed to me, the authors made a mistake with the target audience. more precisely, they did not calculate their strength. or vice versa - considering that they will make a teenage film, or a film ""for the whole family"" (which, in principle, asked for such a plot and drawing), in the course of the matter, decided to reorient themselves to a younger audience - and, logically, they do not care about it too much in general, but you can not say that it means that you do it with children's play).",True
NEGATIVE,"когда производили перепланировку - а по проектной документации на этом месте должен быть детский сад, согласования в районной администрации не получали. потом собственник заплатил штраф (он для ип миллионный:), а согласование получили через суд. обращения жильцов, в т.ч. в этический комитет ленты, игнорировались. после въезда нарушают массу санитарных требований, даже обязательных, даже действующих. а ведь в последнее время большое количество требований было отменено. роспотребнадзор выдал им предупреждение, прокуратура - представление. но шум от тележек, холодильников, вентиляции по-прежнему не дает спать жильцам, а машины с продуктами по-прежнему перегораживают проезд во двор. минимум одна авария уже случилась. счастье, что в те часы никому не потребовалась скорая помощь - она бы просто не смогла проехать.np.s. а в ответ на этот отзыв лента. нет, не улучшила звукоизоляцию, а предложила мне скидку. что можно сказать об этой компании?",0.065,0.85,0.085,-0.0516,Neutral,3,1,Negative,0.9998301267623901,negative,1,Negative,0.8109457492828369,negative,1,Negative,0.9986627101898193,Neutral,3,Neutral,0.5995813012123108,1,Negative,0.5676552669712406,1,Negative,0.0,1,Negative,0.56,1.5,2,Negative,Negative,False,True,True,True,False,True,True,True,True,"when redevelopment was carried out - and according to the project documentation there should be a kindergarten, approvals in the district administration were not received. then the owner paid a fine (it is for IP million:), and the approval was received through the court. the appeals of tenants, including to the ethics committee of the tape, were ignored. after the entry, a lot of sanitary requirements, even mandatory, even existing ones, were violated. and in fact, in recent years, a large number of requirements were canceled.",True
POSITIVE,"достоинства: вкусно , пьем всей семьёй , аллергии нет , дети в восторге. недостатки: сильно сладкий.",0.213,0.391,0.395,0.6361,Positive,5,5,Positive,0.9997782111167908,positive,5,Positive,0.9497473239898682,neutral,3,Neutral,0.6284348368644714,Very Negative,1,Negative,0.4122571349143982,5,Positive,0.40448986894568,3,Neutral,0.0,3,Neutral,0.5880414048651144,3.75,4,Positive,Positive,True,True,True,False,False,True,False,False,True,"virtues: tasty, drink the whole family, no allergies, children are delighted. disadvantages: very sweet.",True
POSITIVE,любимый гель пользуюсь много лет,0.0,0.7,0.3,0.4588,Positive,5,5,Positive,0.9979311227798462,positive,5,Positive,0.92807537317276,positive,5,Positive,0.9862793684005737,Positive,5,Positive,0.8286857604980469,5,Positive,0.7739885862925552,5,Positive,0.0,5,Positive,0.83,5.0,5,Positive,Positive,True,True,True,True,True,True,True,True,True,I've been using my favorite gel for years.,True
POSITIVE,достоинства: долгий освежающий вкус нравится.,0.0,0.615,0.385,0.3612,Positive,5,5,Positive,0.9994351267814636,positive,5,Positive,0.6091998815536499,positive,5,Positive,0.8156657218933105,Positive,5,Positive,0.8110489845275879,3,Neutral,0.7196538701602783,3,Neutral,0.0,3,Neutral,0.6399660831354629,4.25,4,Positive,Positive,True,True,True,True,True,False,False,False,True,"I like the long, refreshing taste.",True
NEGATIVE,плохое качество блузки и кривые швы. заказ разочаровал(((,0.279,0.721,0.0,-0.4767,Negative,1,1,Negative,0.982463002204895,negative,1,Negative,0.7627736926078796,negative,1,Negative,0.8190610408782959,Very Negative,1,Negative,0.7384564876556396,3,Neutral,0.5425313381368144,3,Neutral,0.0,1,Negative,0.5154050194915637,1.5,2,Negative,Negative,True,True,True,True,True,False,False,True,True,poor quality blouse and curved seams. the order disappointed(((()),True
POSITIVE,"фильмов с happy end'ом очень много. однако не все такие же добрые и искренние, как этот.",0.0,0.588,0.412,0.8885,Positive,5,3,Neutral,0.9829002022743225,positive,5,Positive,0.6434388160705566,positive,5,Positive,0.9919044971466064,Negative,1,Negative,0.48077392578125,3,Neutral,0.8042393364945264,3,Neutral,0.0,3,Neutral,0.5449564153052726,3.5,4,Positive,Positive,True,False,True,True,False,False,False,False,True,"There are a lot of happy ending movies, but not all are as kind and sincere as this one.",True
POSITIVE,"очень рады открытию данного магазина, все необходимые есть, всегда чисто и приветливый персонал",0.0,0.548,0.452,0.8718,Positive,5,5,Positive,0.9973483085632324,positive,5,Positive,0.9903157353401184,positive,5,Positive,0.7480177283287048,Positive,5,Positive,0.8797042369842529,5,Positive,0.6200487271668498,5,Positive,0.0,5,Positive,0.7,5.0,5,Positive,Positive,True,True,True,True,True,True,True,True,True,"Very happy to open this store, all the necessary are always clean and friendly staff.",True
POSITIVE,"любимейший ресторан!всегда удается испытать гастрономический оргазм! даже не могу выделить какое-то одно блюдо. все вкусно.обслуживание отличное. nединственное, побольше бы коктейлей. мне не всегда хочется вино)",0.03,0.696,0.273,0.8948,Positive,5,5,Positive,0.9997978806495667,positive,5,Positive,0.9934326410293579,positive,5,Positive,0.992219090461731,Very Positive,5,Positive,0.7124972939491272,3,Neutral,0.7873277837086134,3,Neutral,0.0,5,Positive,0.5063451275266158,4.5,4,Positive,Positive,True,True,True,True,True,False,False,True,True,"Favorite restaurant! always manage to experience gastronomic orgasm! I can not even single out any one dish. everything is delicious. service is excellent. the only one, more cocktails. I do not always want wine.",True
NEGATIVE,"410 я не понял главной цели аниме, найти обманщика или убить короля демонов, что за рисовка нормас, но с сюжетом вообще не понятно, ( оценка 4 только за рисовку ) я понимаю, что тут жанр детектив, но это единственное аниме которое я хотел забросить из-за того что оно скучное, я смотрел много аниме с жанром детектив и все они были интересными. кароч, аниме на любителя.",0.102,0.856,0.042,-0.6157,Negative,1,1,Negative,0.9995614886283875,neutral,3,Neutral,0.6079908013343811,negative,1,Negative,0.9986149072647095,Negative,1,Negative,0.8447193503379822,3,Neutral,0.47201291152814884,3,Neutral,0.0,1,Negative,0.54,1.75,2,Negative,Negative,True,True,False,True,True,False,False,True,True,"410 I did not understand the main purpose of the anime, find a deceiver or kill the demon king, what kind of drawing is normal, but with the plot at all it is not clear, (grade 4 only for drawing) I understand that there is a genre of detective, but this is the only anime I wanted to throw because it is boring, I watched a lot of anime with the genre of detective and they were all interesting. koroch, anime on the amateur.",True
NEUTRAL,"звезд с неба не хватает, но аниме более чем годное.основная тема ""девочки волшебницы с птср в современных реалиях"" раскрыта, насколько это возможно за 12 серий.отличная рисовка, экшн с почти незацензуренной расчлененкой, драйвовый ост и все подано на серьезных щщах. сюжета не то, чтобы много, но он есть. главная героиня стандартна, но к ней проникаешься симпатией, потому что ее частенько накрывают вьетнамские флешбеки.немного минус за клюкву, но в тоже время и плюс за милую русскую девочку волшебницу.изначально приметил его потому, что от автора психо-паспортауж этот черт не может плохого сделать, пусть и жанр совсем другой и досмотрев сезон, ничуть не пожалел.",0.019,0.891,0.091,0.6652,Positive,5,3,Neutral,0.9999786615371704,positive,5,Positive,0.7566506862640381,positive,5,Positive,0.9990900754928589,Positive,5,Positive,0.8540138006210327,3,Neutral,0.539166193739024,3,Neutral,0.0,3,Neutral,0.67,4.0,4,Positive,Neutral,False,True,False,False,False,True,True,True,False,"The main theme of ""the girl of the sorceress with psr in modern realities"" is revealed, as much as possible for 12 episodes. excellent drawing, action with almost uncensored dismemberment, drive ost and everything is served on a serious plot. the main character is standard, but you feel sympathy for her, because she is often covered with Vietnamese flashbacks.",True
NEUTRAL,"и снова не перестает радовать уже и этот выпуск. персонажи почти не меняются, и это замечательно. рассказать о любимом городе посредством жизни подростков - отличная идея. шутки не пошлые, деффки не плоские, характеры узнаваемы. смотрится без усилия - единственное, приходилось останавливать на инфосубтитрах.неплохо поднимает настроение и заряжает позитивом,и конечно - как минимум, добрым расположением к нагое, где живут такие светлые люди)",0.086,0.664,0.25,0.9413,Positive,5,3,Neutral,0.8525588512420654,positive,5,Positive,0.6831444501876831,positive,5,Positive,0.9934573769569397,Positive,5,Positive,0.8629211187362671,3,Neutral,0.576247835695394,3,Neutral,0.0,3,Neutral,0.5,4.0,4,Positive,Neutral,False,True,False,False,False,True,True,True,False,"And again, the characters don't change very much, and it's great. It's a great idea to talk about your favorite city through the lives of teenagers. jokes are not vulgar, daffkas are not flat, characters are recognizable. looks without effort - the only thing that had to stop on info-subtitles.Not bad lifts the mood and charges positive, and of course - at least a good location to the naked, where such bright people live)",True
NEUTRAL,не очень поднимаются,0.0,1.0,0.0,0.0,Neutral,3,3,Neutral,0.9464904069900513,neutral,3,Neutral,0.8482149243354797,negative,1,Negative,0.6932591795921326,Negative,1,Negative,0.9028293490409851,3,Neutral,0.6896656062400399,3,Neutral,0.0,3,Neutral,0.5464574092258726,2.5,2,Negative,Neutral,True,True,True,False,False,True,True,True,False,low-rise,True
NEUTRAL,"толстые, плохо клеятся, всё потеет. лучше чем ничего в особые дни.",0.368,0.447,0.185,-0.4325,Negative,1,3,Neutral,0.9972707629203796,neutral,3,Neutral,0.7122585773468018,negative,1,Negative,0.4994852542877197,Very Negative,1,Negative,0.742463231086731,3,Neutral,0.5962777662763838,3,Neutral,0.0,1,Negative,0.5600349698686728,2.0,2,Negative,Neutral,False,True,True,False,False,True,True,False,False,"Fat, bad glue, sweating better than nothing on special days.",True
POSITIVE,массаж просто отличный! корнилова ольга- мастер своего дела! под ее руками все мышцы расслабляются! делает качественно и на результат! спасибо большое!,0.0,0.72,0.28,0.8469,Positive,5,5,Positive,0.9995455145835876,positive,5,Positive,0.9902462959289551,positive,5,Positive,0.9990034699440002,Very Positive,5,Positive,0.6910370588302612,5,Positive,0.9581722834368339,5,Positive,0.0,5,Positive,0.94,5.0,5,Positive,Positive,True,True,True,True,True,True,True,True,True,Massage is just great! Kornilov Olga - master of his craft! under her hands all the muscles relax! makes high-quality and for the result!,True
NEUTRAL,"воняет канализацией в номере, слышно дискотеку из кафе",0.0,0.848,0.152,0.3612,Positive,5,3,Neutral,0.9997649788856506,neutral,3,Neutral,0.6390825510025024,negative,1,Negative,0.8350085020065308,Negative,1,Negative,0.42139795422554016,1,Negative,0.5237403875350835,1,Negative,0.0,3,Neutral,0.4800885141377222,2.25,2,Negative,Neutral,False,True,True,False,False,False,False,True,False,"It smells like sewers in the room, you can hear the disco from the cafe.",True
NEUTRAL,"вообще не вижу смысла во всех спешлах по всем сериалам из "" world masterpiece theater""вышедшим до 1997г., т.к. это обычная нарезка моментов из основы. единственное предназначение всему этому вороху рекапов, единовременно вышедшим в 2001г. (вероятно в честь юбилея ), и по которым сейчас днём с огнём не сыщешь видео, это вызвать ностальгию, у тех кто все эти сериалы смотрел в детстве в период с 75 - по 97гг. и данный спешл, естественно не исключение.",0.058,0.872,0.07,0.4939,Positive,5,3,Neutral,0.6850451827049255,neutral,3,Neutral,0.607832670211792,negative,1,Negative,0.9244811534881592,Neutral,3,Neutral,0.2742541432380676,1,Negative,0.5493510621296329,1,Negative,0.0,1,Negative,0.65,2.25,2,Negative,Neutral,False,True,True,False,True,False,False,False,False,"In general, I do not see any sense in all the hastes on all the series from the ""world masterpiece theater"" released before 1997, since this is the usual cutting of moments from the base. the only purpose for all this heap of recaps, simultaneously released in 2001 (probably in honor of the anniversary), and for which now you will not find a video in the day with fire, it is to cause nostalgia, for those who watched all these series in childhood in the period from 75 to 97. and this haste, of course, is no exception.",True
