metric,value
total_with_rating,99.0
total_translated,100.0
total_not_translated,0.0
evaluated_vader,99.0
correct_predictions_vader,55.0
accuracy_vader,0.5555555555555556
evaluated_flair,99.0
correct_predictions_flair,85.0
accuracy_flair,0.8585858585858586
evaluated_rubert,99.0
correct_predictions_rubert,66.0
accuracy_rubert,0.6666666666666666
evaluated_roberta,99.0
correct_predictions_roberta,64.0
accuracy_roberta,0.6464646464646465
evaluated_distilbert,99.0
correct_predictions_distilbert,31.0
accuracy_distilbert,0.31313131313131315
evaluated_logistic_regression,99.0
correct_predictions_logistic_regression,61.0
accuracy_logistic_regression,0.6161616161616161
evaluated_random_forest,99.0
correct_predictions_random_forest,67.0
accuracy_random_forest,0.6767676767676768
evaluated_svm,99.0
correct_predictions_svm,61.0
accuracy_svm,0.6161616161616161
evaluated_ensemble,99.0
correct_predictions_ensemble,67.0
accuracy_ensemble,0.6767676767676768
positive_count,31.0
positive_accuracy_vader,0.9354838709677419
positive_accuracy_flair,0.8387096774193549
positive_accuracy_rubert,0.7741935483870968
positive_accuracy_roberta,0.9032258064516129
positive_accuracy_distilbert,1.0
positive_accuracy_logistic_regression,0.5483870967741935
positive_accuracy_random_forest,0.6129032258064516
positive_accuracy_svm,0.5483870967741935
positive_accuracy_ensemble,1.0
negative_count,27.0
negative_accuracy_vader,0.5555555555555556
negative_accuracy_flair,0.8148148148148148
negative_accuracy_rubert,0.48148148148148145
negative_accuracy_roberta,0.8518518518518519
negative_accuracy_distilbert,0.0
negative_accuracy_logistic_regression,0.4074074074074074
negative_accuracy_random_forest,0.5185185185185185
negative_accuracy_svm,0.4074074074074074
negative_accuracy_ensemble,0.6296296296296297
neutral_count,41.0
neutral_accuracy_vader,0.2682926829268293
neutral_accuracy_flair,0.9024390243902439
neutral_accuracy_rubert,0.7073170731707317
neutral_accuracy_roberta,0.3170731707317073
neutral_accuracy_distilbert,0.0
neutral_accuracy_logistic_regression,0.8048780487804879
neutral_accuracy_random_forest,0.8292682926829268
neutral_accuracy_svm,0.8048780487804879
neutral_accuracy_ensemble,0.4634146341463415
avg_vader_score,3.72
avg_flair_score,3.04
avg_rubert_score,3.34
avg_roberta_score,3.0
avg_distilbert_score,5.0
avg_ensemble_score,3.4
avg_logistic_regression_score,3.1
avg_svm_score,3.14
avg_random_forest_score,3.12
