Модель,Средняя оценка,Стд отклонение,MAE,RMSE,Асимметрия,Эксцесс,Нормальность (p-value)
VADER,2.824,1.7146323115945192,1.319,1.9070920271449934,0.16930918341028478,-1.6175545984627604,1.0347671589197738e-141
FLAIR,2.97,1.2282542931366487,1.515,1.8944656238633626,0.00846730136807325,-0.34706686230769623,7.458089064048106e-83
RUBERT,2.442,1.373507379857321,0.907,1.3285330255586423,0.42385337099979187,-0.8563679975758309,5.274245174324794e-141
ROBERTA,1.884,1.6015958007902957,0.757,1.3744089638822936,1.3420727571227233,-0.09022807034082803,2.273e-321
DISTILBERT,1.0,0.0,1.251,1.9932385707686875,,,0.0
LOGISTIC_REGRESSION,2.72,1.1878598448516606,1.305,1.6531787562148264,0.05139672020381671,-0.29280780662774886,2.148714796999722e-115
SVM,2.716,1.21689145975507,1.321,1.6712270940838652,0.08186924374682963,-0.4023142104304971,9.286719407526939e-114
RANDOM_FOREST,2.824,1.2371558327690795,1.397,1.77792013318934,0.057532523004082674,-0.4201618154091866,1.5131496670238985e-100
СУММАТОР,2.372,0.8162611605866609,1.045,1.2453915047084592,0.6807794155255116,-0.14231512645569389,4.333045303914776e-151
